day,cycle_day,estradiol_pg_ml,progesterone_ng_ml,testosterone_ng_dl,dheas_ug_dl,lh_miu_ml,fsh_miu_ml,shbg_nmol_l
1,21,52.4,11.9,98.7,192.88,8.61,5.06,55.72
2,22,74.2,10.6,81.2,247.12,4.89,4.13,58.22
3,23,91.7,12.4,96.3,226.23,5.98,3.49,56.92
4,24,94.6,13.5,90.5,212.84,4.32,3.65,57.29
5,25,110.0,15.0,77.6,217.60,3.44,3.30,58.87
6,26,117.0,15.5,85.2,254.84,2.58,3.08,63.26
7,27,125.0,13.3,78.7,250.41,3.55,3.26,58.36
8,28,123.0,8.78,88.9,271.71,5.21,4.47,61.78
9,29,109.0,6.05,75.8,288.47,4.76,4.76,62.44
10,30,73.8,2.46,87.3,204.74,3.32,7.94,53.76
11,1,31.7,0.63,58.9,224.66,5.21,7.82,61.74
12,2,22.9,0.28,70.4,233.79,5.29,7.85,54.77
13,3,21.8,0.17,76.4,240.26,6.42,7.27,57.52
14,4,36.7,0.084,61.6,244.45,5.04,7.12,53.98
15,5,26.7,0.056,72.3,272.85,6.16,7.19,54.61
16,6,31.4,0.073,74.5,237.81,6.08,7.09,56.71
17,7,34.3,0.045,77.2,205.92,7.01,6.17,54.88
18,8,51.0,0.037,95.2,262.48,6.82,5.35,55.83
19,9,47.9,0.075,80.6,231.06,5.25,4.63,49.49
20,10,,0.037,,,,,
21,11,127.0,0.019,64.6,201.62,7.55,4.71,55.35
22,12,157.0,0.043,68.7,232.76,19.08,6.82,52.15
23,13,264.0,0.14,67.1,224.98,45.27,13.23,49.25
24,14,193.0,0.52,77.9,232.88,14.85,7.67,54.47
25,15,64.3,0.97,69.9,224.46,8.59,5.53,51.91
26,16,41.8,2.13,66.2,226.27,6.50,5.92,54.29
27,17,49.8,5.08,76.8,198.96,7.73,5.99,53.31
28,18,75.9,8.51,62.6,183.11,8.16,6.17,57.44
29,19,74.6,12.7,66.1,167.49,4.45,5.32,57.13
30,20,88.9,13.2,79.4,158.80,6.22,5.00,56.57
