site,label,cases_women,cases_men,distant_women_pct,distant_men_pct,distant_diff,distant_diff_lo,distant_diff_hi,localized_women_pct,localized_men_pct,distant_age_adj_women,distant_age_adj_men,median_age_women,median_age_men
Liver and Intrahepatic Bile Duct,Liver,50228,118645,21.1,18.5,2.6,2.1,3.0,42.9,43.4,21.2,18.5,70.0,66.0
Urinary Bladder (Invasive & In Situ),Bladder,73664,238796,6.7,4.8,1.9,1.7,2.1,33.8,36.0,6.7,4.8,73.0,73.0
"Anus, Anal Canal & Anorectum",Anus,21160,12434,14.0,12.4,1.6,0.8,2.3,42.1,43.1,14.0,12.5,65.0,63.0
Mesothelioma,Mesothelioma,3545,9355,55.9,54.7,1.2,-0.7,3.1,13.4,12.6,55.9,54.8,72.0,76.0
Myeloma,Myeloma,54910,68746,95.3,94.5,0.8,0.6,1.0,3.1,4.0,95.3,94.5,70.0,69.0
Eye and Orbit,Eye,6344,7352,3.5,3.6,-0.1,-0.7,0.6,73.3,73.5,3.6,3.6,64.0,65.0
Brain and Other Nervous System,Brain,44348,56230,1.9,2.3,-0.4,-0.5,-0.2,74.5,75.4,1.9,2.3,61.0,60.0
Gallbladder,Gallbladder,13861,6568,44.5,44.9,-0.4,-1.9,1.1,11.0,11.5,44.5,45.0,71.0,71.0
Soft Tissue including Heart,Soft tissue,24758,31133,15.8,16.3,-0.5,-1.1,0.1,57.2,56.2,15.8,16.3,62.0,63.0
Small Intestine,Small intestine,20055,22876,25.1,25.8,-0.7,-1.5,0.2,34.2,33.1,25.1,25.8,66.0,66.0
Colon and Rectum (including Appendix),Colon and rectum,296406,335487,21.3,22.3,-1.0,-1.2,-0.8,35.6,35.0,21.3,22.2,68.0,65.0
Larynx,Larynx,9448,38560,14.1,15.7,-1.6,-2.4,-0.9,42.7,51.9,13.9,15.8,65.0,67.0
Melanoma of the Skin,Melanoma,146289,210371,3.5,5.3,-1.8,-1.9,-1.6,79.6,76.5,3.7,5.3,63.0,69.0
Kidney and Renal Pelvis,Kidney,106228,186857,12.3,14.4,-2.1,-2.4,-1.9,68.2,64.5,12.2,14.4,66.0,65.0
Oral Cavity and Pharynx,Mouth and throat,58360,141282,11.8,14.0,-2.2,-2.5,-1.9,40.1,24.6,11.9,14.0,66.0,64.0
Bones and Joints,Bone,6916,8749,16.3,19.3,-3.0,-4.2,-1.8,44.9,41.7,16.3,19.3,48.0,47.0
Thyroid,Thyroid,163489,57889,2.5,5.6,-3.2,-3.4,-3.0,67.2,55.3,2.7,5.0,49.0,56.0
Non-Hodgkin Lymphoma,Non-Hodgkin lymphoma,142111,174492,48.6,52.2,-3.7,-4.0,-3.3,27.3,24.5,48.5,52.3,69.0,67.0
Pancreas,Pancreas,110953,116959,46.2,49.9,-3.7,-4.1,-3.3,15.4,13.9,46.3,49.7,72.0,70.0
Lung and Bronchus,Lung,426032,441830,45.3,49.4,-4.1,-4.3,-3.9,27.6,22.4,45.3,49.4,71.0,71.0
Salivary Gland,Salivary gland,9126,12656,11.4,16.7,-5.3,-6.2,-4.4,56.2,38.7,12.0,16.4,63.0,69.0
Stomach,Stomach,49357,72413,30.1,35.5,-5.4,-5.9,-4.9,37.1,29.1,29.9,35.6,68.0,68.0
Esophagus,Oesophagus,15933,56747,30.1,37.8,-7.7,-8.5,-6.8,22.3,19.1,30.5,37.7,70.0,68.0
Hodgkin Lymphoma,Hodgkin lymphoma,17413,21470,39.8,47.5,-7.7,-8.7,-6.7,13.8,15.4,40.0,47.4,36.0,41.0
