year,trials,female_pct,industry_female_pct,nih_female_pct,other_female_pct,median_trial_female_pct,excl_preg_pct,contra_pct,wocbp_pct,excl_lact_pct,max_age_pct,outcome_by_sex_pct
2000,94,40.6,51.1,35.7,44.5,43.5,55.9,35.6,16.1,32.2,49.2,1.69
2001,133,36.7,30.8,46.3,48.0,41.7,55.0,42.8,16.7,30.6,39.4,1.11
2002,250,40.9,45.2,41.0,40.3,41.2,59.7,43.8,20.8,31.3,39.9,0.64
2003,463,40.8,40.3,41.3,45.1,42.2,55.2,42.4,23.5,33.0,38.8,0.17
2004,690,42.6,41.8,46.8,45.3,43.4,55.9,46.6,25.6,35.9,41.1,0.46
2005,1046,44.6,45.6,43.7,44.9,43.7,52.7,42.9,23.7,34.2,39.3,0.47
2006,1558,45.0,45.7,45.3,46.5,45.0,51.4,41.7,25.7,36.6,41.2,0.1
2007,1959,47.9,48.7,58.2,47.3,44.9,52.0,39.6,27.0,37.2,41.8,0.24
2008,2346,48.5,49.3,47.3,48.4,46.2,51.5,38.7,29.1,37.2,44.3,0.07
2009,2356,45.4,47.5,43.0,44.2,46.2,50.9,39.4,31.2,38.6,44.4,0.28
2010,2402,47.3,46.3,38.5,49.9,45.9,50.3,39.1,32.4,38.9,44.6,0.24
2011,2298,45.8,49.3,44.7,47.4,45.2,49.2,37.2,30.5,39.1,45.7,0.22
2012,2308,46.3,46.4,45.6,49.6,45.7,48.6,35.6,31.1,37.5,46.2,0.29
2013,2510,47.5,43.9,44.9,53.3,45.5,47.1,34.8,29.7,36.4,47.4,0.3
2014,2616,43.7,46.7,38.7,52.8,46.7,45.1,34.4,30.5,35.2,45.6,0.1
2015,2796,46.0,46.6,38.2,48.3,46.8,45.0,34.9,30.8,37.1,42.6,0.15
2016,2784,48.3,49.8,45.9,51.0,47.7,48.3,35.2,31.0,38.6,44.9,0.15
2017,3143,47.3,47.3,45.3,47.8,48.1,48.0,38.1,34.4,39.3,43.8,0.11
2018,3122,49.4,50.4,42.8,54.4,49.8,45.9,34.9,29.7,36.8,44.8,0.29
2019,2986,52.3,51.1,41.1,55.6,50.0,43.2,32.1,26.9,34.6,47.2,0.37
2020,2694,51.6,48.4,44.9,54.0,50.0,44.7,31.2,27.6,34.9,40.7,0.38
2021,2689,46.9,50.9,48.3,57.3,51.3,41.5,27.6,24.8,33.3,43.3,0.12
2022,1888,54.2,53.6,43.6,54.9,52.2,37.9,25.5,22.6,30.3,46.8,0.4
2023,1237,54.9,52.6,51.0,55.4,52.9,34.4,21.3,19.6,27.4,46.5,0.41
2024,513,54.5,55.7,55.8,54.0,55.7,31.9,17.9,15.4,20.0,44.1,0.8
