model,label,note,n,or,lo,hi,p,formula
symptom_raw,Left with a symptom code: unadjusted,,20808,1.07,1.0,1.14,0.057,sym_i ~ femalei
symptom_adj,"… adjusted for age band, complaint, year",,20808,1.09,1.01,1.17,0.028,sym_i ~ femalei + C(age_band) + C(complaint) + yearf
symptom_adj_workup,"… plus tests ordered, imaging, triage level, ambulance",,15262,1.06,0.97,1.16,0.21,sym_i ~ femalei + C(age_band) + C(complaint) + yearf + tests + img_i + tri + ems_i
symptom_adj_workup_chron,… plus number of chronic conditions,2020 onward only; earlier files lack the count,15177,1.06,0.97,1.16,0.203,sym_i ~ femalei + C(age_band) + C(complaint) + yearf + tests + img_i + tri + ems_i + chron
symptom_discharged_adj,"Symptom code among those sent home: adjusted for age, complaint, year, workup",,14868,1.06,0.98,1.16,0.158,sym_i ~ femalei + C(age_band) + C(complaint) + yearf + tests + img_i + tri + ems_i
anxiety_raw,Anxiety or stress code attached: unadjusted,,20808,1.36,0.96,1.93,0.082,anx_i ~ femalei
anxiety_adj,"… adjusted for age, complaint, year, workup",,15262,1.73,1.18,2.54,0.005,anx_i ~ femalei + C(age_band) + C(complaint) + yearf + tests + img_i + tri + ems_i
anxiety_adj_no_rfv,"… same, excluding visits where the patient mentioned anxiety or a psychological symptom",,14803,1.68,1.08,2.62,0.022,anx_i ~ femalei + C(age_band) + C(complaint) + yearf + tests + img_i + tri + ems_i
anxiety_adj_pain,… plus reported pain score,visits with a recorded pain score,12138,1.62,1.12,2.33,0.01,anx_i ~ femalei + C(age_band) + C(complaint) + yearf + tests + img_i + tri + ems_i + pain_rec
anxiety_cardio_adj,"Anxiety code, heart-and-breath complaints: adjusted for age, complaint, year, workup",,5624,2.08,1.29,3.35,0.003,anx_i ~ femalei + C(age_band) + C(complaint) + yearf + tests + img_i + tri + ems_i
anxiety_cardio_older_adj,… aged 65 and over,,1886,2.66,1.04,6.83,0.041,anx_i ~ femalei + C(complaint) + yearf + tests + img_i + tri + ems_i
psych_adj,"Any psychiatric code attached: adjusted for age, complaint, year, workup",,15262,1.51,1.08,2.12,0.017,psy_i ~ femalei + C(age_band) + C(complaint) + yearf + tests + img_i + tri + ems_i
imaging_adj,"Any imaging: adjusted for age, complaint, year, triage, ambulance, pain score",visits with a recorded pain score,12173,0.92,0.81,1.03,0.15,img_i ~ femalei + C(age_band) + C(complaint) + yearf + tri + ems_i + pain_rec
admitted_adj,"Admitted: adjusted for age, complaint, year, triage, ambulance",,15331,0.94,0.7,1.26,0.679,adm_i ~ femalei + C(age_band) + C(complaint) + yearf + tri + ems_i
return72_raw,Back in the same ED within 72 hours: unadjusted,,19383,0.78,0.61,1.0,0.048,s72_i ~ femalei
return72_adj,"… adjusted for age band, complaint, year",,19383,0.76,0.59,0.98,0.037,s72_i ~ femalei + C(age_band) + C(complaint) + yearf
symptom_adj_abdominal,"Symptom code, abdominal pain: adjusted for age, year, workup",,3887,1.09,0.93,1.28,0.269,sym_i ~ femalei + C(age_band) + yearf + tests + img_i + tri + ems_i
symptom_adj_chest,"Symptom code, chest pain: adjusted for age, year, workup",,2609,1.05,0.85,1.29,0.677,sym_i ~ femalei + C(age_band) + yearf + tests + img_i + tri + ems_i
symptom_adj_sob,"Symptom code, shortness of breath: adjusted for age, year, workup",,1810,1.11,0.87,1.41,0.398,sym_i ~ femalei + C(age_band) + yearf + tests + img_i + tri + ems_i
symptom_adj_headache,"Symptom code, headache or migraine: adjusted for age, year, workup",,1105,0.89,0.59,1.36,0.593,sym_i ~ femalei + C(age_band) + yearf + tests + img_i + tri + ems_i
symptom_adj_dizziness,"Symptom code, dizziness or vertigo: adjusted for age, year, workup",,729,0.88,0.63,1.24,0.457,sym_i ~ femalei + C(age_band) + yearf + tests + img_i + tri + ems_i
symptom_adj_weakness,"Symptom code, weakness or fatigue: adjusted for age, year, workup",,678,0.95,0.64,1.42,0.795,sym_i ~ femalei + C(age_band) + yearf + tests + img_i + tri + ems_i
symptom_adj_syncope,"Symptom code, fainting: adjusted for age, year, workup",,247,0.85,0.37,1.99,0.713,sym_i ~ femalei + C(age_band) + yearf + tests + img_i + tri + ems_i
symptom_adj_palpitations,"Symptom code, palpitations: adjusted for age, year, workup",,229,0.54,0.27,1.1,0.089,sym_i ~ femalei + C(age_band) + yearf + tests + img_i + tri + ems_i
symptom_adj_nausea,"Symptom code, nausea or vomiting: adjusted for age, year, workup",,1150,1.08,0.78,1.49,0.65,sym_i ~ femalei + C(age_band) + yearf + tests + img_i + tri + ems_i
symptom_adj_back,"Symptom code, back pain: adjusted for age, year, workup",,909,2.25,1.3,3.89,0.004,sym_i ~ femalei + C(age_band) + yearf + tests + img_i + tri + ems_i
symptom_adj_flank,"Symptom code, flank, rib or groin pain: adjusted for age, year, workup",,802,1.33,0.89,2.01,0.169,sym_i ~ femalei + C(age_band) + yearf + tests + img_i + tri + ems_i
symptom_adj_limb,"Symptom code, neck, hip, leg or joint pain: adjusted for age, year, workup",,1107,1.35,0.76,2.39,0.309,sym_i ~ femalei + C(age_band) + yearf + tests + img_i + tri + ems_i
