series,year,n,n_sexed,male_only_pct,female_only_pct,both_pct,includes_female_pct,sexed_pct
All rodent studies,1996,59104,32931,60.2,23.5,16.3,39.8,55.7
All rodent studies,1997,59952,32801,60.5,22.8,16.6,39.5,54.7
All rodent studies,1998,60772,32990,60.4,23.3,16.2,39.6,54.3
All rodent studies,1999,61583,32649,60.1,23.6,16.4,39.9,53.0
All rodent studies,2000,62932,33517,59.0,24.1,16.9,41.0,53.3
All rodent studies,2001,62688,32905,58.9,24.1,16.9,41.1,52.5
All rodent studies,2002,64361,33394,58.8,23.8,17.4,41.2,51.9
All rodent studies,2003,67929,35548,58.6,24.4,17.0,41.4,52.3
All rodent studies,2004,71546,37045,58.3,24.0,17.7,41.7,51.8
All rodent studies,2005,77049,40026,58.8,24.5,16.7,41.2,51.9
All rodent studies,2006,81718,42864,58.3,24.7,17.0,41.7,52.5
All rodent studies,2007,83815,43614,57.8,25.2,17.0,42.2,52.0
All rodent studies,2008,87522,45508,58.0,24.5,17.5,42.0,52.0
All rodent studies,2009,90162,46854,56.7,25.4,17.9,43.3,52.0
All rodent studies,2010,97002,50915,56.1,25.7,18.2,43.9,52.5
All rodent studies,2011,101520,54610,56.1,25.4,18.5,43.9,53.8
All rodent studies,2012,104202,58059,56.2,25.7,18.1,43.8,55.7
All rodent studies,2013,105664,59449,56.4,25.6,18.0,43.6,56.3
All rodent studies,2014,105850,60079,56.3,25.5,18.2,43.7,56.8
All rodent studies,2015,105957,59835,56.2,25.5,18.3,43.8,56.5
All rodent studies,2016,104132,58421,55.7,25.7,18.6,44.3,56.1
All rodent studies,2017,102286,58208,56.1,24.8,19.2,43.9,56.9
All rodent studies,2018,104057,60929,54.9,25.1,20.0,45.1,58.6
All rodent studies,2019,106767,62473,53.5,25.3,21.2,46.5,58.5
All rodent studies,2020,107542,59621,52.4,25.1,22.5,47.6,55.4
Neuroscience,1996,14499,8926,68.7,16.8,14.5,31.3,61.6
Neuroscience,1997,14873,9089,69.1,16.1,14.9,30.9,61.1
Neuroscience,1998,15464,9231,69.2,16.1,14.7,30.8,59.7
Neuroscience,1999,15755,9279,69.3,15.5,15.1,30.7,58.9
Neuroscience,2000,16560,9664,67.5,16.9,15.5,32.5,58.4
Neuroscience,2001,16252,9392,67.7,16.4,15.9,32.3,57.8
Neuroscience,2002,16453,9409,66.4,16.6,16.9,33.6,57.2
Neuroscience,2003,17569,10030,67.0,17.1,15.9,33.0,57.1
Neuroscience,2004,18461,10470,66.7,16.0,17.4,33.3,56.7
Neuroscience,2005,20105,11428,66.5,16.9,16.5,33.5,56.8
Neuroscience,2006,21374,12220,66.8,16.6,16.6,33.2,57.2
Neuroscience,2007,22039,12588,66.6,16.8,16.5,33.4,57.1
Neuroscience,2008,22713,12890,66.0,16.6,17.4,34.0,56.8
Neuroscience,2009,23191,13156,65.9,16.6,17.4,34.1,56.7
Neuroscience,2010,24680,14074,65.8,16.3,17.9,34.2,57.0
Neuroscience,2011,25569,15025,64.8,16.2,19.0,35.2,58.8
Neuroscience,2012,26492,15880,65.1,15.7,19.2,34.9,59.9
Neuroscience,2013,26732,16322,64.7,15.2,20.1,35.3,61.1
Neuroscience,2014,26614,16575,65.2,15.1,19.7,34.8,62.3
Neuroscience,2015,26882,16706,65.1,14.4,20.5,34.9,62.1
Neuroscience,2016,26452,16532,64.0,14.9,21.2,36.0,62.5
Neuroscience,2017,25995,16571,63.9,14.0,22.2,36.1,63.7
Neuroscience,2018,25937,16811,62.8,13.8,23.3,37.2,64.8
Neuroscience,2019,25908,16631,61.3,13.8,25.0,38.7,64.2
Neuroscience,2020,25760,15403,59.3,13.9,26.8,40.7,59.8
Pain,1996,1421,1137,77.0,12.0,11.1,23.0,80.0
Pain,1997,1535,1250,78.1,11.0,10.9,21.9,81.4
Pain,1998,1585,1271,76.7,12.4,10.9,23.3,80.2
Pain,1999,1653,1293,78.5,10.3,11.2,21.5,78.2
Pain,2000,1830,1431,78.1,9.9,12.1,21.9,78.2
Pain,2001,1920,1504,74.3,11.2,14.5,25.7,78.3
Pain,2002,1839,1431,75.1,11.5,13.5,24.9,77.8
Pain,2003,2021,1510,74.3,11.7,14.0,25.7,74.7
Pain,2004,2015,1557,74.8,12.7,12.5,25.2,77.3
Pain,2005,2330,1799,75.5,11.5,13.0,24.5,77.2
Pain,2006,2597,2038,76.2,12.2,11.7,23.8,78.5
Pain,2007,2807,2135,76.3,11.1,12.6,23.7,76.1
Pain,2008,2777,2103,77.4,9.6,13.1,22.6,75.7
Pain,2009,2790,2090,74.8,11.9,13.3,25.2,74.9
Pain,2010,2890,2160,74.0,12.8,13.2,26.0,74.7
Pain,2011,2995,2263,74.1,11.9,13.9,25.9,75.6
Pain,2012,3134,2443,74.3,12.7,13.0,25.7,78.0
Pain,2013,3040,2404,74.5,12.3,13.3,25.5,79.1
Pain,2014,3129,2484,77.1,11.0,11.8,22.9,79.4
Pain,2015,3102,2446,75.8,11.4,12.8,24.2,78.9
Pain,2016,2949,2305,75.7,11.7,12.6,24.3,78.2
Pain,2017,2983,2298,73.9,12.1,13.9,26.1,77.0
Pain,2018,3023,2387,73.3,11.7,15.0,26.7,79.0
Pain,2019,2835,2176,71.0,12.1,16.9,29.0,76.8
Pain,2020,2921,2114,69.3,12.1,18.5,30.7,72.4
Cardiovascular,1996,6599,4373,77.6,11.3,11.1,22.4,66.3
Cardiovascular,1997,6827,4429,77.7,10.2,12.1,22.3,64.9
Cardiovascular,1998,6998,4505,77.5,11.5,11.1,22.5,64.4
Cardiovascular,1999,7204,4529,77.2,11.4,11.4,22.8,62.9
Cardiovascular,2000,7708,4853,76.2,11.8,12.0,23.8,63.0
Cardiovascular,2001,8086,4954,75.6,12.5,12.0,24.4,61.3
Cardiovascular,2002,8433,5128,75.7,12.5,11.8,24.3,60.8
Cardiovascular,2003,8931,5356,74.5,13.0,12.5,25.5,60.0
Cardiovascular,2004,9328,5605,75.3,11.7,13.1,24.7,60.1
Cardiovascular,2005,9791,5970,75.1,12.3,12.6,24.9,61.0
Cardiovascular,2006,10546,6501,76.4,11.1,12.5,23.6,61.6
Cardiovascular,2007,10774,6560,75.7,11.6,12.7,24.3,60.9
Cardiovascular,2008,11341,6871,75.9,11.2,13.0,24.1,60.6
Cardiovascular,2009,11579,7037,74.5,11.8,13.8,25.5,60.8
Cardiovascular,2010,12338,7467,74.2,12.2,13.5,25.8,60.5
Cardiovascular,2011,12745,7985,74.1,11.9,14.0,25.9,62.7
Cardiovascular,2012,13156,8542,74.9,11.4,13.7,25.1,64.9
Cardiovascular,2013,13128,8546,75.3,11.4,13.3,24.7,65.1
Cardiovascular,2014,13165,8504,76.0,10.5,13.5,24.0,64.6
Cardiovascular,2015,13354,8597,74.3,11.4,14.3,25.7,64.4
Cardiovascular,2016,12717,8100,75.5,10.7,13.8,24.5,63.7
Cardiovascular,2017,12642,8120,75.5,10.2,14.2,24.5,64.2
Cardiovascular,2018,12914,8513,74.9,9.8,15.4,25.1,65.9
Cardiovascular,2019,13237,8734,73.5,9.8,16.8,26.5,66.0
Cardiovascular,2020,13197,8236,72.6,9.5,17.9,27.4,62.4
Immunology,1996,5181,2595,37.5,40.5,21.9,62.5,50.1
Immunology,1997,5218,2520,37.9,40.1,22.0,62.1,48.3
Immunology,1998,5305,2673,38.3,41.2,20.5,61.7,50.4
Immunology,1999,5370,2638,37.5,41.3,21.2,62.5,49.1
Immunology,2000,5762,2804,37.1,43.0,19.9,62.9,48.7
Immunology,2001,5856,2880,38.6,42.3,19.1,61.4,49.2
Immunology,2002,6058,2873,37.9,42.8,19.4,62.1,47.4
Immunology,2003,6308,3056,37.9,43.8,18.3,62.1,48.4
Immunology,2004,6747,3186,39.8,41.7,18.5,60.2,47.2
Immunology,2005,7354,3509,41.0,41.0,18.0,59.0,47.7
Immunology,2006,7726,3671,41.1,41.9,17.1,58.9,47.5
Immunology,2007,8341,3945,42.2,41.5,16.3,57.8,47.3
Immunology,2008,8808,4192,43.2,40.2,16.6,56.8,47.6
Immunology,2009,9493,4610,41.2,40.8,18.0,58.8,48.6
Immunology,2010,10459,5159,41.2,39.8,19.1,58.8,49.3
Immunology,2011,11347,5635,42.8,38.0,19.1,57.2,49.7
Immunology,2012,11419,6129,43.5,38.7,17.8,56.5,53.7
Immunology,2013,11748,6349,44.2,37.3,18.5,55.8,54.0
Immunology,2014,11777,6390,44.7,36.2,19.0,55.3,54.3
Immunology,2015,12270,6661,46.1,35.4,18.5,53.9,54.3
Immunology,2016,12324,6602,47.5,34.3,18.2,52.5,53.6
Immunology,2017,12411,6693,47.1,33.1,19.8,52.9,53.9
Immunology,2018,13173,7445,47.3,32.5,20.2,52.7,56.5
Immunology,2019,14018,8021,47.9,30.8,21.3,52.1,57.2
Immunology,2020,14218,7797,48.0,29.5,22.5,52.0,54.8
Pharmacology,1996,6530,4646,67.7,18.2,14.1,32.3,71.1
Pharmacology,1997,6079,4308,65.5,18.0,16.5,34.5,70.9
Pharmacology,1998,5700,3933,66.6,19.0,14.4,33.4,69.0
Pharmacology,1999,6537,4378,65.2,19.5,15.3,34.8,67.0
Pharmacology,2000,7241,4708,66.3,19.8,14.0,33.7,65.0
Pharmacology,2001,8442,5345,63.1,20.7,16.1,36.9,63.3
Pharmacology,2002,8496,5283,64.6,19.6,15.8,35.4,62.2
Pharmacology,2003,9388,5851,64.7,19.7,15.5,35.3,62.3
Pharmacology,2004,10007,6271,64.8,20.2,15.1,35.2,62.7
Pharmacology,2005,10779,6799,65.7,19.9,14.4,34.3,63.1
Pharmacology,2006,10692,6982,64.9,20.5,14.6,35.1,65.3
Pharmacology,2007,11203,7293,65.2,20.5,14.3,34.8,65.1
Pharmacology,2008,10697,7074,64.3,21.6,14.1,35.7,66.1
Pharmacology,2009,10502,6888,60.7,24.6,14.7,39.3,65.6
Pharmacology,2010,10843,7176,59.0,26.1,14.8,41.0,66.2
Pharmacology,2011,11322,7574,58.4,26.2,15.4,41.6,66.9
Pharmacology,2012,11709,7952,56.8,27.8,15.4,43.2,67.9
Pharmacology,2013,11714,7986,56.1,28.8,15.1,43.9,68.2
Pharmacology,2014,12259,8322,55.6,29.5,14.9,44.4,67.9
Pharmacology,2015,13097,8718,54.9,30.0,15.1,45.1,66.6
Pharmacology,2016,13304,8524,53.2,31.8,15.0,46.8,64.1
Pharmacology,2017,12992,8290,52.0,32.0,16.1,48.0,63.8
Pharmacology,2018,12741,8260,50.2,33.1,16.7,49.8,64.8
Pharmacology,2019,12683,8314,46.2,36.4,17.4,53.8,65.6
Pharmacology,2020,11841,7674,44.2,37.6,18.2,55.8,64.8
Metabolism and endocrine,1996,3052,2009,55.4,25.3,19.3,44.6,65.8
Metabolism and endocrine,1997,3124,2009,52.9,25.8,21.3,47.1,64.3
Metabolism and endocrine,1998,3147,2081,55.5,24.3,20.2,44.5,66.1
Metabolism and endocrine,1999,3251,2130,55.7,24.5,19.8,44.3,65.5
Metabolism and endocrine,2000,3308,2150,54.5,25.2,20.3,45.5,65.0
Metabolism and endocrine,2001,3645,2298,53.6,26.1,20.3,46.4,63.0
Metabolism and endocrine,2002,3761,2360,56.9,23.7,19.4,43.1,62.7
Metabolism and endocrine,2003,4093,2582,56.2,23.9,20.0,43.8,63.1
Metabolism and endocrine,2004,4545,2815,56.3,24.6,19.1,43.7,61.9
Metabolism and endocrine,2005,5186,3253,59.1,23.3,17.7,40.9,62.7
Metabolism and endocrine,2006,5478,3560,58.9,23.3,17.8,41.1,65.0
Metabolism and endocrine,2007,5790,3702,58.8,23.5,17.6,41.2,63.9
Metabolism and endocrine,2008,6238,4028,58.5,22.5,18.9,41.5,64.6
Metabolism and endocrine,2009,6652,4293,58.6,22.8,18.6,41.4,64.5
Metabolism and endocrine,2010,7491,4858,58.7,22.1,19.2,41.3,64.9
Metabolism and endocrine,2011,8229,5416,59.7,21.7,18.6,40.3,65.8
Metabolism and endocrine,2012,8846,6084,59.5,22.0,18.5,40.5,68.8
Metabolism and endocrine,2013,9203,6400,61.1,21.5,17.4,38.9,69.5
Metabolism and endocrine,2014,9242,6447,60.1,22.1,17.8,39.9,69.8
Metabolism and endocrine,2015,9483,6602,59.0,24.4,16.6,41.0,69.6
Metabolism and endocrine,2016,9597,6529,60.3,22.4,17.3,39.7,68.0
Metabolism and endocrine,2017,9815,6722,60.9,21.8,17.3,39.1,68.5
Metabolism and endocrine,2018,10293,7272,60.1,21.9,17.9,39.9,70.6
Metabolism and endocrine,2019,10480,7319,57.6,23.0,19.4,42.4,69.8
Metabolism and endocrine,2020,11105,7468,57.3,22.7,20.0,42.7,67.2
Behaviour and psychiatry,1996,2288,1826,72.0,10.7,17.3,28.0,79.8
Behaviour and psychiatry,1997,2327,1829,69.8,11.9,18.3,30.2,78.6
Behaviour and psychiatry,1998,2435,1864,69.5,10.8,19.7,30.5,76.6
Behaviour and psychiatry,1999,2527,1860,68.0,11.1,20.9,32.0,73.6
Behaviour and psychiatry,2000,2875,2104,67.9,11.6,20.5,32.1,73.2
Behaviour and psychiatry,2001,3100,2201,68.0,10.9,21.1,32.0,71.0
Behaviour and psychiatry,2002,3231,2314,67.2,11.3,21.5,32.8,71.6
Behaviour and psychiatry,2003,3640,2651,67.6,11.1,21.2,32.4,72.8
Behaviour and psychiatry,2004,3913,2833,66.8,10.1,23.1,33.2,72.4
Behaviour and psychiatry,2005,4747,3524,67.5,11.5,21.0,32.5,74.2
Behaviour and psychiatry,2006,5350,4017,68.5,10.0,21.6,31.5,75.1
Behaviour and psychiatry,2007,5836,4397,68.0,10.6,21.4,32.0,75.3
Behaviour and psychiatry,2008,6263,4647,68.0,10.3,21.7,32.0,74.2
Behaviour and psychiatry,2009,5897,4256,66.8,10.6,22.7,33.2,72.2
Behaviour and psychiatry,2010,6358,4596,66.9,11.0,22.1,33.1,72.3
Behaviour and psychiatry,2011,6844,5012,65.5,10.7,23.8,34.5,73.2
Behaviour and psychiatry,2012,7138,5207,65.3,10.6,24.1,34.7,72.9
Behaviour and psychiatry,2013,7149,5319,64.3,10.7,25.0,35.7,74.4
Behaviour and psychiatry,2014,6934,5221,66.3,9.9,23.8,33.7,75.3
Behaviour and psychiatry,2015,7278,5470,65.9,10.4,23.7,34.1,75.2
Behaviour and psychiatry,2016,7530,5569,65.7,10.9,23.4,34.3,74.0
Behaviour and psychiatry,2017,7591,5682,65.1,9.6,25.4,34.9,74.9
Behaviour and psychiatry,2018,7709,5864,64.3,9.3,26.5,35.7,76.1
Behaviour and psychiatry,2019,7889,5873,62.7,9.9,27.4,37.3,74.4
Behaviour and psychiatry,2020,7913,5495,59.7,11.1,29.2,40.3,69.4
Reproduction and urogenital,1996,7498,6058,37.5,39.8,22.6,62.5,80.8
Reproduction and urogenital,1997,7813,6196,38.1,38.7,23.1,61.9,79.3
Reproduction and urogenital,1998,7785,6118,39.2,38.2,22.6,60.8,78.6
Reproduction and urogenital,1999,7665,5878,40.2,37.5,22.2,59.8,76.7
Reproduction and urogenital,2000,7840,6086,38.3,38.2,23.5,61.7,77.6
Reproduction and urogenital,2001,7713,5957,38.9,37.6,23.4,61.1,77.2
Reproduction and urogenital,2002,8114,6280,40.0,37.5,22.6,60.0,77.4
Reproduction and urogenital,2003,8585,6762,40.2,36.8,23.0,59.8,78.8
Reproduction and urogenital,2004,8722,6748,38.3,36.8,24.9,61.7,77.4
Reproduction and urogenital,2005,9507,7337,38.7,37.1,24.3,61.3,77.2
Reproduction and urogenital,2006,9851,7702,37.9,37.2,24.9,62.1,78.2
Reproduction and urogenital,2007,10033,7930,37.6,38.5,23.9,62.4,79.0
Reproduction and urogenital,2008,10286,8120,38.2,37.1,24.7,61.8,78.9
Reproduction and urogenital,2009,10817,8339,38.7,36.6,24.7,61.3,77.1
Reproduction and urogenital,2010,11405,8683,38.9,36.6,24.5,61.1,76.1
Reproduction and urogenital,2011,11999,9383,39.8,35.7,24.5,60.2,78.2
Reproduction and urogenital,2012,12342,9838,40.7,35.2,24.1,59.3,79.7
Reproduction and urogenital,2013,12324,9757,40.3,35.5,24.2,59.7,79.2
Reproduction and urogenital,2014,12191,9674,41.5,35.3,23.2,58.5,79.4
Reproduction and urogenital,2015,12196,9635,40.9,36.5,22.6,59.1,79.0
Reproduction and urogenital,2016,12171,9460,40.8,36.3,22.9,59.2,77.7
Reproduction and urogenital,2017,11892,9282,41.2,36.2,22.7,58.8,78.1
Reproduction and urogenital,2018,12000,9523,41.4,36.3,22.3,58.6,79.4
Reproduction and urogenital,2019,12049,9756,40.6,36.4,23.0,59.4,81.0
Reproduction and urogenital,2020,12086,9726,39.0,37.7,23.2,61.0,80.5
NIH-funded rodent studies,1996,14811,7499,56.2,27.0,16.8,43.8,50.6
NIH-funded rodent studies,1997,14650,7296,56.4,26.4,17.2,43.6,49.8
NIH-funded rodent studies,1998,14997,7410,56.3,26.4,17.3,43.7,49.4
NIH-funded rodent studies,1999,15331,7346,55.9,26.7,17.4,44.1,47.9
NIH-funded rodent studies,2000,15316,7385,54.0,27.3,18.8,46.0,48.2
NIH-funded rodent studies,2001,15535,7439,53.7,28.0,18.3,46.3,47.9
NIH-funded rodent studies,2002,16234,7674,53.6,26.5,19.9,46.4,47.3
NIH-funded rodent studies,2003,17264,8171,52.8,28.1,19.1,47.2,47.3
NIH-funded rodent studies,2004,18498,8504,53.1,26.5,20.4,46.9,46.0
NIH-funded rodent studies,2005,20618,9467,53.8,27.5,18.7,46.2,45.9
NIH-funded rodent studies,2006,22651,10608,52.0,28.3,19.7,48.0,46.8
NIH-funded rodent studies,2007,23686,10901,51.9,28.4,19.7,48.1,46.0
NIH-funded rodent studies,2008,25224,11466,51.2,28.3,20.5,48.8,45.5
NIH-funded rodent studies,2009,25989,11813,48.8,29.5,21.7,51.2,45.5
NIH-funded rodent studies,2010,28023,12933,48.1,29.5,22.4,51.9,46.2
NIH-funded rodent studies,2011,29478,14007,48.3,28.6,23.1,51.7,47.5
NIH-funded rodent studies,2012,29218,14247,47.9,28.8,23.3,52.1,48.8
NIH-funded rodent studies,2013,29203,14506,47.2,29.7,23.1,52.8,49.7
NIH-funded rodent studies,2014,27785,14004,46.7,29.2,24.1,53.3,50.4
NIH-funded rodent studies,2015,26328,13187,46.7,29.1,24.2,53.3,50.1
NIH-funded rodent studies,2016,24402,12158,45.9,28.0,26.1,54.1,49.8
NIH-funded rodent studies,2017,22533,11655,43.9,26.7,29.5,56.1,51.7
NIH-funded rodent studies,2018,22378,12054,41.1,27.1,31.8,58.9,53.9
NIH-funded rodent studies,2019,21708,11905,38.1,26.3,35.6,61.9,54.8
NIH-funded rodent studies,2020,21519,11139,35.0,25.6,39.5,65.0,51.8
Clinical trials (humans),1996,19502,16034,13.8,13.6,72.6,,
Clinical trials (humans),1997,21102,17564,12.4,13.7,73.9,,
Clinical trials (humans),1998,21605,18229,11.6,12.7,75.6,,
Clinical trials (humans),1999,23200,19717,11.3,13.6,75.1,,
Clinical trials (humans),2000,22107,18994,10.6,13.4,75.9,,
Clinical trials (humans),2001,21043,18262,10.3,13.6,76.1,,
Clinical trials (humans),2002,21587,18686,10.3,12.4,77.3,,
Clinical trials (humans),2003,24654,21582,10.6,12.7,76.7,,
Clinical trials (humans),2004,27450,24037,10.4,13.3,76.3,,
Clinical trials (humans),2005,29918,26305,9.2,12.6,78.2,,
Clinical trials (humans),2006,28986,25726,8.9,13.0,78.2,,
Clinical trials (humans),2007,30081,26770,9.0,13.2,77.8,,
Clinical trials (humans),2008,29775,26756,8.0,12.9,79.1,,
Clinical trials (humans),2009,30432,27474,8.1,13.3,78.6,,
Clinical trials (humans),2010,32317,29138,8.5,13.2,78.3,,
Clinical trials (humans),2011,36368,32960,8.5,12.7,78.9,,
Clinical trials (humans),2012,39431,35940,8.2,12.1,79.7,,
Clinical trials (humans),2013,42294,38679,8.1,11.4,80.5,,
Clinical trials (humans),2014,41302,38013,8.0,11.6,80.4,,
Clinical trials (humans),2015,39750,36604,7.2,12.1,80.8,,
Clinical trials (humans),2016,37427,34162,7.3,11.9,80.8,,
Clinical trials (humans),2017,36737,33726,7.3,11.5,81.2,,
Clinical trials (humans),2018,35879,33307,6.9,11.9,81.2,,
Clinical trials (humans),2019,35984,32572,6.5,12.5,81.0,,
Clinical trials (humans),2020,36131,27292,8.0,15.6,76.3,,
Randomised trials (humans),1996,10040,8289,12.7,14.6,72.7,,
Randomised trials (humans),1997,10200,8527,12.1,14.4,73.4,,
Randomised trials (humans),1998,10573,8960,11.2,13.6,75.2,,
Randomised trials (humans),1999,11325,9559,10.9,14.4,74.7,,
Randomised trials (humans),2000,10936,9328,10.1,14.6,75.3,,
Randomised trials (humans),2001,11794,10181,9.7,14.6,75.7,,
Randomised trials (humans),2002,12000,10285,9.6,14.0,76.4,,
Randomised trials (humans),2003,13217,11472,9.9,14.6,75.4,,
Randomised trials (humans),2004,14863,12965,9.8,15.0,75.2,,
Randomised trials (humans),2005,15867,13934,8.5,14.8,76.7,,
Randomised trials (humans),2006,16728,14722,8.5,14.2,77.2,,
Randomised trials (humans),2007,18440,16374,9.2,13.9,76.9,,
Randomised trials (humans),2008,19025,17029,8.3,13.7,78.0,,
Randomised trials (humans),2009,20004,17952,8.1,14.0,77.9,,
Randomised trials (humans),2010,21738,19497,8.5,13.5,78.0,,
Randomised trials (humans),2011,24388,21901,8.4,13.2,78.4,,
Randomised trials (humans),2012,26270,23664,8.2,12.3,79.5,,
Randomised trials (humans),2013,28564,25828,8.1,11.8,80.1,,
Randomised trials (humans),2014,28733,26263,8.2,11.8,80.1,,
Randomised trials (humans),2015,28467,26072,7.3,12.4,80.3,,
Randomised trials (humans),2016,27565,25000,7.0,12.6,80.4,,
Randomised trials (humans),2017,27416,24997,7.1,12.1,80.7,,
Randomised trials (humans),2018,26318,24309,7.0,12.7,80.3,,
Randomised trials (humans),2019,26155,23321,6.6,13.5,79.9,,
Randomised trials (humans),2020,28101,20511,8.4,17.0,74.6,,
