disease,fy,funding_m
Unintentional injuries,2008,298.9
Unintentional injuries,2009,339.5
Unintentional injuries,2010,372.2
Unintentional injuries,2011,355.8
Unintentional injuries,2012,366.3
Unintentional injuries,2013,366.7
Unintentional injuries,2014,403.7
Unintentional injuries,2015,399.1
Unintentional injuries,2016,446.7
Unintentional injuries,2017,496.0
Unintentional injuries,2018,639.0
Unintentional injuries,2019,897.0
Unintentional injuries,2020,843.0
Unintentional injuries,2021,880.0
Unintentional injuries,2022,896.0
Unintentional injuries,2023,894.0
Unintentional injuries,2024,892.0
Unintentional injuries,2025,834.0
Coronary heart disease,2008,366.9
Coronary heart disease,2009,426.2
Coronary heart disease,2010,457.5
Coronary heart disease,2011,436.6
Coronary heart disease,2012,467.8
Coronary heart disease,2013,404.1
Coronary heart disease,2014,421.3
Coronary heart disease,2015,425.8
Coronary heart disease,2016,419.4
Coronary heart disease,2017,444.0
Coronary heart disease,2018,444.0
Coronary heart disease,2019,421.0
Coronary heart disease,2020,408.0
Coronary heart disease,2021,380.0
Coronary heart disease,2022,408.0
Coronary heart disease,2023,426.0
Coronary heart disease,2024,383.0
Coronary heart disease,2025,404.0
Drug use disorders,2008,1007.3
Drug use disorders,2009,1039.6
Drug use disorders,2010,1066.9
Drug use disorders,2011,1050.5
Drug use disorders,2012,1052.4
Drug use disorders,2013,993.4
Drug use disorders,2014,1018.0
Drug use disorders,2015,1015.7
Drug use disorders,2016,1049.0
Drug use disorders,2017,1071.0
Drug use disorders,2018,1161.0
Drug use disorders,2019,1621.0
Drug use disorders,2020,1458.0
Drug use disorders,2021,1476.0
Drug use disorders,2022,1596.0
Drug use disorders,2023,1663.0
Drug use disorders,2024,1663.0
Drug use disorders,2025,1663.0
Opioid use disorders,2008,0
Opioid use disorders,2009,0
Opioid use disorders,2010,0
Opioid use disorders,2011,0
Opioid use disorders,2012,0
Opioid use disorders,2013,0
Opioid use disorders,2014,0
Opioid use disorders,2015,0
Opioid use disorders,2016,0
Opioid use disorders,2017,0
Opioid use disorders,2018,231.0
Opioid use disorders,2019,811.0
Opioid use disorders,2020,655.0
Opioid use disorders,2021,746.0
Opioid use disorders,2022,798.0
Opioid use disorders,2023,812.0
Opioid use disorders,2024,747.0
Opioid use disorders,2025,662.0
Back and neck pain,2008,0
Back and neck pain,2009,0
Back and neck pain,2010,0
Back and neck pain,2011,0
Back and neck pain,2012,0
Back and neck pain,2013,0
Back and neck pain,2014,0
Back and neck pain,2015,0
Back and neck pain,2016,24.4
Back and neck pain,2017,32.0
Back and neck pain,2018,30.0
Back and neck pain,2019,172.0
Back and neck pain,2020,56.0
Back and neck pain,2021,83.0
Back and neck pain,2022,74.0
Back and neck pain,2023,71.0
Back and neck pain,2024,76.0
Back and neck pain,2025,84.0
Diabetes,2008,1079.9
Diabetes,2009,1030.1
Diabetes,2010,1045.8
Diabetes,2011,1075.9
Diabetes,2012,1060.6
Diabetes,2013,1007.4
Diabetes,2014,1011.0
Diabetes,2015,1009.7
Diabetes,2016,1084.3
Diabetes,2017,1108.0
Diabetes,2018,1039.0
Diabetes,2019,1099.0
Diabetes,2020,1156.0
Diabetes,2021,1124.0
Diabetes,2022,1169.0
Diabetes,2023,1187.0
Diabetes,2024,1151.0
Diabetes,2025,1102.0
COPD,2008,75.5
COPD,2009,95.5
COPD,2010,118.3
COPD,2011,107.9
COPD,2012,101.3
COPD,2013,101.7
COPD,2014,107.4
COPD,2015,96.6
COPD,2016,97.4
COPD,2017,100.0
COPD,2018,111.0
COPD,2019,112.0
COPD,2020,121.0
COPD,2021,144.0
COPD,2022,143.0
COPD,2023,148.0
COPD,2024,160.0
COPD,2025,158.0
Alzheimer's and other dementias,2008,0
Alzheimer's and other dementias,2009,0
Alzheimer's and other dementias,2010,0
Alzheimer's and other dementias,2011,0
Alzheimer's and other dementias,2012,0
Alzheimer's and other dementias,2013,0
Alzheimer's and other dementias,2014,0
Alzheimer's and other dementias,2015,630.9
Alzheimer's and other dementias,2016,986.2
Alzheimer's and other dementias,2017,1423.0
Alzheimer's and other dementias,2018,1911.0
Alzheimer's and other dementias,2019,2398.0
Alzheimer's and other dementias,2020,2869.0
Alzheimer's and other dementias,2021,3251.0
Alzheimer's and other dementias,2022,3514.0
Alzheimer's and other dementias,2023,3761.0
Alzheimer's and other dementias,2024,3859.0
Alzheimer's and other dementias,2025,3882.0
Stroke,2008,296.3
Stroke,2009,329.0
Stroke,2010,337.4
Stroke,2011,317.4
Stroke,2012,310.5
Stroke,2013,281.7
Stroke,2014,299.6
Stroke,2015,288.0
Stroke,2016,308.0
Stroke,2017,331.0
Stroke,2018,348.0
Stroke,2019,350.0
Stroke,2020,441.0
Stroke,2021,447.0
Stroke,2022,415.0
Stroke,2023,443.0
Stroke,2024,491.0
Stroke,2025,422.0
Anxiety disorders,2008,0
Anxiety disorders,2009,0
Anxiety disorders,2010,0
Anxiety disorders,2011,0
Anxiety disorders,2012,0
Anxiety disorders,2013,0
Anxiety disorders,2014,0
Anxiety disorders,2015,156.2
Anxiety disorders,2016,174.2
Anxiety disorders,2017,190.0
Anxiety disorders,2018,213.0
Anxiety disorders,2019,233.0
Anxiety disorders,2020,236.0
Anxiety disorders,2021,243.0
Anxiety disorders,2022,246.0
Anxiety disorders,2023,267.0
Anxiety disorders,2024,271.0
Anxiety disorders,2025,253.0
Depression,2008,401.7
Depression,2009,402.0
Depression,2010,420.4
Depression,2011,426.1
Depression,2012,429.1
Depression,2013,414.6
Depression,2014,395.7
Depression,2015,390.5
Depression,2016,410.0
Depression,2017,438.0
Depression,2018,500.0
Depression,2019,578.0
Depression,2020,602.0
Depression,2021,610.0
Depression,2022,655.0
Depression,2023,675.0
Depression,2024,700.0
Depression,2025,694.0
Lung cancer,2008,169.2
Lung cancer,2009,177.8
Lung cancer,2010,201.3
Lung cancer,2011,220.6
Lung cancer,2012,232.8
Lung cancer,2013,207.8
Lung cancer,2014,254.0
Lung cancer,2015,348.8
Lung cancer,2016,331.4
Lung cancer,2017,352.0
Lung cancer,2018,403.0
Lung cancer,2019,419.0
Lung cancer,2020,447.0
Lung cancer,2021,451.0
Lung cancer,2022,479.0
Lung cancer,2023,504.0
Lung cancer,2024,492.0
Lung cancer,2025,439.0
Kidney disease,2008,522.6
Kidney disease,2009,570.3
Kidney disease,2010,551.7
Kidney disease,2011,556.6
Kidney disease,2012,555.9
Kidney disease,2013,551.2
Kidney disease,2014,549.0
Kidney disease,2015,563.9
Kidney disease,2016,574.4
Kidney disease,2017,592.0
Kidney disease,2018,598.0
Kidney disease,2019,649.0
Kidney disease,2020,651.0
Kidney disease,2021,661.0
Kidney disease,2022,673.0
Kidney disease,2023,703.0
Kidney disease,2024,717.0
Kidney disease,2025,745.0
Hearing loss,2008,0
Hearing loss,2009,0
Hearing loss,2010,0
Hearing loss,2011,0
Hearing loss,2012,0
Hearing loss,2013,0
Hearing loss,2014,0
Hearing loss,2015,0
Hearing loss,2016,0
Hearing loss,2017,0
Hearing loss,2018,0
Hearing loss,2019,163.0
Hearing loss,2020,173.0
Hearing loss,2021,162.0
Hearing loss,2022,179.0
Hearing loss,2023,200.0
Hearing loss,2024,191.0
Hearing loss,2025,197.0
Suicide and self-harm,2008,39.4
Suicide and self-harm,2009,36.3
Suicide and self-harm,2010,36.5
Suicide and self-harm,2011,48.6
Suicide and self-harm,2012,44.3
Suicide and self-harm,2013,37.0
Suicide and self-harm,2014,38.9
Suicide and self-harm,2015,46.0
Suicide and self-harm,2016,52.5
Suicide and self-harm,2017,68.0
Suicide and self-harm,2018,96.0
Suicide and self-harm,2019,117.0
Suicide and self-harm,2020,139.0
Suicide and self-harm,2021,140.0
Suicide and self-harm,2022,153.0
Suicide and self-harm,2023,187.0
Suicide and self-harm,2024,190.0
Suicide and self-harm,2025,217.0
Migraine,2008,0
Migraine,2009,0
Migraine,2010,15.1
Migraine,2011,16.2
Migraine,2012,18.1
Migraine,2013,19.5
Migraine,2014,20.1
Migraine,2015,19.6
Migraine,2016,18.0
Migraine,2017,22.0
Migraine,2018,21.0
Migraine,2019,28.0
Migraine,2020,28.0
Migraine,2021,40.0
Migraine,2022,46.0
Migraine,2023,49.0
Migraine,2024,41.0
Migraine,2025,43.0
Cirrhosis and chronic liver disease,2008,241.2
Cirrhosis and chronic liver disease,2009,273.7
Cirrhosis and chronic liver disease,2010,284.3
Cirrhosis and chronic liver disease,2011,302.5
Cirrhosis and chronic liver disease,2012,288.0
Cirrhosis and chronic liver disease,2013,282.1
Cirrhosis and chronic liver disease,2014,293.3
Cirrhosis and chronic liver disease,2015,294.6
Cirrhosis and chronic liver disease,2016,292.7
Cirrhosis and chronic liver disease,2017,285.0
Cirrhosis and chronic liver disease,2018,324.0
Cirrhosis and chronic liver disease,2019,351.0
Cirrhosis and chronic liver disease,2020,368.0
Cirrhosis and chronic liver disease,2021,374.0
Cirrhosis and chronic liver disease,2022,426.0
Cirrhosis and chronic liver disease,2023,447.0
Cirrhosis and chronic liver disease,2024,444.0
Cirrhosis and chronic liver disease,2025,470.0
Osteoarthritis,2008,0
Osteoarthritis,2009,0
Osteoarthritis,2010,0
Osteoarthritis,2011,0
Osteoarthritis,2012,0
Osteoarthritis,2013,0
Osteoarthritis,2014,0
Osteoarthritis,2015,75.8
Osteoarthritis,2016,76.4
Osteoarthritis,2017,78.0
Osteoarthritis,2018,77.0
Osteoarthritis,2019,85.0
Osteoarthritis,2020,108.0
Osteoarthritis,2021,125.0
Osteoarthritis,2022,125.0
Osteoarthritis,2023,133.0
Osteoarthritis,2024,134.0
Osteoarthritis,2025,147.0
Alcohol use disorders,2008,451.9
Alcohol use disorders,2009,440.8
Alcohol use disorders,2010,454.2
Alcohol use disorders,2011,452.2
Alcohol use disorders,2012,455.4
Alcohol use disorders,2013,436.8
Alcohol use disorders,2014,474.9
Alcohol use disorders,2015,473.3
Alcohol use disorders,2016,486.2
Alcohol use disorders,2017,500.0
Alcohol use disorders,2018,534.0
Alcohol use disorders,2019,556.0
Alcohol use disorders,2020,579.0
Alcohol use disorders,2021,568.0
Alcohol use disorders,2022,613.0
Alcohol use disorders,2023,647.0
Alcohol use disorders,2024,639.0
Alcohol use disorders,2025,613.0
Colorectal cancer,2008,273.6
Colorectal cancer,2009,280.8
Colorectal cancer,2010,291.3
Colorectal cancer,2011,312.8
Colorectal cancer,2012,301.7
Colorectal cancer,2013,280.7
Colorectal cancer,2014,270.7
Colorectal cancer,2015,308.5
Colorectal cancer,2016,274.0
Colorectal cancer,2017,270.0
Colorectal cancer,2018,314.0
Colorectal cancer,2019,294.0
Colorectal cancer,2020,319.0
Colorectal cancer,2021,335.0
Colorectal cancer,2022,346.0
Colorectal cancer,2023,360.0
Colorectal cancer,2024,338.0
Colorectal cancer,2025,361.0
Asthma,2008,245.7
Asthma,2009,284.5
Asthma,2010,243.7
Asthma,2011,220.9
Asthma,2012,228.9
Asthma,2013,207.4
Asthma,2014,240.9
Asthma,2015,281.2
Asthma,2016,266.4
Asthma,2017,286.0
Asthma,2018,304.0
Asthma,2019,313.0
Asthma,2020,338.0
Asthma,2021,310.0
Asthma,2022,285.0
Asthma,2023,274.0
Asthma,2024,270.0
Asthma,2025,242.0
Interpersonal violence,2008,0.3
Interpersonal violence,2009,2.1
Interpersonal violence,2010,1.2
Interpersonal violence,2011,1.0
Interpersonal violence,2012,0.7
Interpersonal violence,2013,0.3
Interpersonal violence,2014,0.2
Interpersonal violence,2015,0.7
Interpersonal violence,2016,0.8
Interpersonal violence,2017,1.0
Interpersonal violence,2018,2.0
Interpersonal violence,2019,3.0
Interpersonal violence,2020,6.0
Interpersonal violence,2021,13.0
Interpersonal violence,2022,10.0
Interpersonal violence,2023,8.0
Interpersonal violence,2024,12.0
Interpersonal violence,2025,10.0
Breast cancer,2008,725.9
Breast cancer,2009,721.8
Breast cancer,2010,763.4
Breast cancer,2011,715.3
Breast cancer,2012,800.0
Breast cancer,2013,656.8
Breast cancer,2014,681.6
Breast cancer,2015,673.6
Breast cancer,2016,656.4
Breast cancer,2017,689.0
Breast cancer,2018,721.0
Breast cancer,2019,709.0
Breast cancer,2020,788.0
Breast cancer,2021,731.0
Breast cancer,2022,738.0
Breast cancer,2023,777.0
Breast cancer,2024,740.0
Breast cancer,2025,757.0
Oral and dental disease,2008,463.3
Oral and dental disease,2009,489.7
Oral and dental disease,2010,496.7
Oral and dental disease,2011,500.6
Oral and dental disease,2012,516.5
Oral and dental disease,2013,480.4
Oral and dental disease,2014,483.3
Oral and dental disease,2015,492.7
Oral and dental disease,2016,518.3
Oral and dental disease,2017,541.0
Oral and dental disease,2018,575.0
Oral and dental disease,2019,613.0
Oral and dental disease,2020,628.0
Oral and dental disease,2021,638.0
Oral and dental disease,2022,712.0
Oral and dental disease,2023,730.0
Oral and dental disease,2024,742.0
Oral and dental disease,2025,788.0
Pancreatic cancer,2008,0
Pancreatic cancer,2009,0
Pancreatic cancer,2010,0
Pancreatic cancer,2011,112.2
Pancreatic cancer,2012,127.2
Pancreatic cancer,2013,125.1
Pancreatic cancer,2014,122.9
Pancreatic cancer,2015,173.9
Pancreatic cancer,2016,168.2
Pancreatic cancer,2017,199.0
Pancreatic cancer,2018,215.0
Pancreatic cancer,2019,219.0
Pancreatic cancer,2020,230.0
Pancreatic cancer,2021,242.0
Pancreatic cancer,2022,265.0
Pancreatic cancer,2023,280.0
Pancreatic cancer,2024,292.0
Pancreatic cancer,2025,288.0
Hepatitis C,2008,92.6
Hepatitis C,2009,97.5
Hepatitis C,2010,100.3
Hepatitis C,2011,113.6
Hepatitis C,2012,112.3
Hepatitis C,2013,101.1
Hepatitis C,2014,110.5
Hepatitis C,2015,95.7
Hepatitis C,2016,107.3
Hepatitis C,2017,114.0
Hepatitis C,2018,129.0
Hepatitis C,2019,150.0
Hepatitis C,2020,120.0
Hepatitis C,2021,115.0
Hepatitis C,2022,107.0
Hepatitis C,2023,99.0
Hepatitis C,2024,84.0
Hepatitis C,2025,86.0
Schizophrenia,2008,249.4
Schizophrenia,2009,265.2
Schizophrenia,2010,276.4
Schizophrenia,2011,263.9
Schizophrenia,2012,268.1
Schizophrenia,2013,232.1
Schizophrenia,2014,253.3
Schizophrenia,2015,241.3
Schizophrenia,2016,254.1
Schizophrenia,2017,243.0
Schizophrenia,2018,248.0
Schizophrenia,2019,263.0
Schizophrenia,2020,256.0
Schizophrenia,2021,242.0
Schizophrenia,2022,273.0
Schizophrenia,2023,239.0
Schizophrenia,2024,254.0
Schizophrenia,2025,262.0
Preterm birth,2008,197.2
Preterm birth,2009,176.7
Preterm birth,2010,182.9
Preterm birth,2011,214.1
Preterm birth,2012,217.5
Preterm birth,2013,198.3
Preterm birth,2014,205.7
Preterm birth,2015,223.5
Preterm birth,2016,239.6
Preterm birth,2017,291.0
Preterm birth,2018,295.0
Preterm birth,2019,374.0
Preterm birth,2020,444.0
Preterm birth,2021,455.0
Preterm birth,2022,435.0
Preterm birth,2023,499.0
Preterm birth,2024,433.0
Preterm birth,2025,461.0
Gynaecological diseases,2008,34.0
Gynaecological diseases,2009,37.2
Gynaecological diseases,2010,31.7
Gynaecological diseases,2011,32.0
Gynaecological diseases,2012,29.9
Gynaecological diseases,2013,23.7
Gynaecological diseases,2014,21.2
Gynaecological diseases,2015,26.8
Gynaecological diseases,2016,27.0
Gynaecological diseases,2017,20.0
Gynaecological diseases,2018,29.0
Gynaecological diseases,2019,37.0
Gynaecological diseases,2020,39.0
Gynaecological diseases,2021,43.0
Gynaecological diseases,2022,59.0
Gynaecological diseases,2023,61.0
Gynaecological diseases,2024,58.0
Gynaecological diseases,2025,75.0
Pneumonia and influenza,2008,295.4
Pneumonia and influenza,2009,392.4
Pneumonia and influenza,2010,396.5
Pneumonia and influenza,2011,381.7
Pneumonia and influenza,2012,358.3
Pneumonia and influenza,2013,406.8
Pneumonia and influenza,2014,362.1
Pneumonia and influenza,2015,384.0
Pneumonia and influenza,2016,380.0
Pneumonia and influenza,2017,408.0
Pneumonia and influenza,2018,467.0
Pneumonia and influenza,2019,521.0
Pneumonia and influenza,2020,660.0
Pneumonia and influenza,2021,592.0
Pneumonia and influenza,2022,578.0
Pneumonia and influenza,2023,654.0
Pneumonia and influenza,2024,619.0
Pneumonia and influenza,2025,562.0
Prostate cancer,2008,289.6
Prostate cancer,2009,310.4
Prostate cancer,2010,330.9
Prostate cancer,2011,284.5
Prostate cancer,2012,256.6
Prostate cancer,2013,286.2
Prostate cancer,2014,253.7
Prostate cancer,2015,287.7
Prostate cancer,2016,252.7
Prostate cancer,2017,239.0
Prostate cancer,2018,261.0
Prostate cancer,2019,263.0
Prostate cancer,2020,264.0
Prostate cancer,2021,284.0
Prostate cancer,2022,278.0
Prostate cancer,2023,305.0
Prostate cancer,2024,311.0
Prostate cancer,2025,314.0
Cocaine use disorders,2008,0
Cocaine use disorders,2009,0
Cocaine use disorders,2010,0
Cocaine use disorders,2011,0
Cocaine use disorders,2012,0
Cocaine use disorders,2013,0
Cocaine use disorders,2014,0
Cocaine use disorders,2015,0
Cocaine use disorders,2016,0
Cocaine use disorders,2017,0
Cocaine use disorders,2018,0
Cocaine use disorders,2019,0
Cocaine use disorders,2020,0
Cocaine use disorders,2021,0
Cocaine use disorders,2022,155.0
Cocaine use disorders,2023,153.0
Cocaine use disorders,2024,142.0
Cocaine use disorders,2025,147.0
Parkinson's disease,2008,151.7
Parkinson's disease,2009,162.2
Parkinson's disease,2010,154.3
Parkinson's disease,2011,151.0
Parkinson's disease,2012,154.2
Parkinson's disease,2013,135.0
Parkinson's disease,2014,139.2
Parkinson's disease,2015,146.2
Parkinson's disease,2016,161.1
Parkinson's disease,2017,168.0
Parkinson's disease,2018,193.0
Parkinson's disease,2019,224.0
Parkinson's disease,2020,242.0
Parkinson's disease,2021,254.0
Parkinson's disease,2022,259.0
Parkinson's disease,2023,253.0
Parkinson's disease,2024,250.0
Parkinson's disease,2025,255.0
Liver cancer,2008,88.6
Liver cancer,2009,93.8
Liver cancer,2010,102.4
Liver cancer,2011,74.0
Liver cancer,2012,73.2
Liver cancer,2013,71.3
Liver cancer,2014,73.8
Liver cancer,2015,85.1
Liver cancer,2016,83.0
Liver cancer,2017,90.0
Liver cancer,2018,113.0
Liver cancer,2019,127.0
Liver cancer,2020,130.0
Liver cancer,2021,128.0
Liver cancer,2022,178.0
Liver cancer,2023,189.0
Liver cancer,2024,183.0
Liver cancer,2025,195.0
Autism,2008,118.1
Autism,2009,132.4
Autism,2010,159.6
Autism,2011,168.7
Autism,2012,192.2
Autism,2013,185.9
Autism,2014,188.1
Autism,2015,207.7
Autism,2016,231.7
Autism,2017,245.0
Autism,2018,281.0
Autism,2019,290.0
Autism,2020,294.0
Autism,2021,288.0
Autism,2022,306.0
Autism,2023,306.0
Autism,2024,305.0
Autism,2025,339.0
Brain cancer,2008,193.9
Brain cancer,2009,233.8
Brain cancer,2010,273.6
Brain cancer,2011,280.3
Brain cancer,2012,281.4
Brain cancer,2013,279.6
Brain cancer,2014,288.5
Brain cancer,2015,297.7
Brain cancer,2016,310.2
Brain cancer,2017,332.0
Brain cancer,2018,360.0
Brain cancer,2019,359.0
Brain cancer,2020,384.0
Brain cancer,2021,415.0
Brain cancer,2022,401.0
Brain cancer,2023,427.0
Brain cancer,2024,429.0
Brain cancer,2025,434.0
Lymphoma,2008,193.2
Lymphoma,2009,183.6
Lymphoma,2010,195.1
Lymphoma,2011,198.6
Lymphoma,2012,212.9
Lymphoma,2013,233.0
Lymphoma,2014,251.2
Lymphoma,2015,269.8
Lymphoma,2016,263.7
Lymphoma,2017,266.0
Lymphoma,2018,298.0
Lymphoma,2019,248.0
Lymphoma,2020,265.0
Lymphoma,2021,281.0
Lymphoma,2022,302.0
Lymphoma,2023,323.0
Lymphoma,2024,287.0
Lymphoma,2025,281.0
Amphetamine use disorders,2008,67.4
Amphetamine use disorders,2009,68.5
Amphetamine use disorders,2010,72.9
Amphetamine use disorders,2011,70.0
Amphetamine use disorders,2012,68.8
Amphetamine use disorders,2013,68.3
Amphetamine use disorders,2014,62.7
Amphetamine use disorders,2015,57.9
Amphetamine use disorders,2016,50.2
Amphetamine use disorders,2017,48.0
Amphetamine use disorders,2018,49.0
Amphetamine use disorders,2019,47.0
Amphetamine use disorders,2020,92.0
Amphetamine use disorders,2021,87.0
Amphetamine use disorders,2022,106.0
Amphetamine use disorders,2023,93.0
Amphetamine use disorders,2024,99.0
Amphetamine use disorders,2025,85.0
Bipolar disorder,2008,0
Bipolar disorder,2009,0
Bipolar disorder,2010,0
Bipolar disorder,2011,0
Bipolar disorder,2012,0
Bipolar disorder,2013,0
Bipolar disorder,2014,0
Bipolar disorder,2015,80.1
Bipolar disorder,2016,90.2
Bipolar disorder,2017,88.0
Bipolar disorder,2018,92.0
Bipolar disorder,2019,89.0
Bipolar disorder,2020,100.0
Bipolar disorder,2021,104.0
Bipolar disorder,2022,90.0
Bipolar disorder,2023,101.0
Bipolar disorder,2024,84.0
Bipolar disorder,2025,72.0
Epilepsy,2008,145.1
Epilepsy,2009,128.1
Epilepsy,2010,134.2
Epilepsy,2011,152.3
Epilepsy,2012,156.4
Epilepsy,2013,128.7
Epilepsy,2014,153.6
Epilepsy,2015,138.4
Epilepsy,2016,153.3
Epilepsy,2017,154.0
Epilepsy,2018,184.0
Epilepsy,2019,188.0
Epilepsy,2020,198.0
Epilepsy,2021,218.0
Epilepsy,2022,226.0
Epilepsy,2023,245.0
Epilepsy,2024,230.0
Epilepsy,2025,216.0
Skin cancer,2008,0
Skin cancer,2009,0
Skin cancer,2010,0
Skin cancer,2011,0
Skin cancer,2012,0
Skin cancer,2013,0
Skin cancer,2014,0
Skin cancer,2015,0
Skin cancer,2016,0
Skin cancer,2017,0
Skin cancer,2018,0
Skin cancer,2019,0
Skin cancer,2020,0
Skin cancer,2021,0
Skin cancer,2022,0
Skin cancer,2023,0
Skin cancer,2024,256.0
Skin cancer,2025,285.0
Esophageal cancer,2008,0
Esophageal cancer,2009,0
Esophageal cancer,2010,0
Esophageal cancer,2011,0
Esophageal cancer,2012,0
Esophageal cancer,2013,0
Esophageal cancer,2014,0
Esophageal cancer,2015,0
Esophageal cancer,2016,0
Esophageal cancer,2017,0
Esophageal cancer,2018,0
Esophageal cancer,2019,0
Esophageal cancer,2020,37.0
Esophageal cancer,2021,45.0
Esophageal cancer,2022,54.0
Esophageal cancer,2023,61.0
Esophageal cancer,2024,59.0
Esophageal cancer,2025,61.0
Gallbladder disease,2008,6.8
Gallbladder disease,2009,7.0
Gallbladder disease,2010,5.0
Gallbladder disease,2011,4.5
Gallbladder disease,2012,11.0
Gallbladder disease,2013,9.6
Gallbladder disease,2014,9.4
Gallbladder disease,2015,8.0
Gallbladder disease,2016,10.9
Gallbladder disease,2017,12.0
Gallbladder disease,2018,17.0
Gallbladder disease,2019,16.0
Gallbladder disease,2020,13.0
Gallbladder disease,2021,20.0
Gallbladder disease,2022,19.0
Gallbladder disease,2023,16.0
Gallbladder disease,2024,17.0
Gallbladder disease,2025,17.0
Uterine cancer,2008,15.8
Uterine cancer,2009,25.0
Uterine cancer,2010,25.7
Uterine cancer,2011,40.1
Uterine cancer,2012,41.7
Uterine cancer,2013,39.1
Uterine cancer,2014,56.9
Uterine cancer,2015,52.2
Uterine cancer,2016,49.5
Uterine cancer,2017,45.0
Uterine cancer,2018,47.0
Uterine cancer,2019,36.0
Uterine cancer,2020,32.0
Uterine cancer,2021,29.0
Uterine cancer,2022,37.0
Uterine cancer,2023,42.0
Uterine cancer,2024,44.0
Uterine cancer,2025,49.0
HIV/AIDS,2008,2928.3
HIV/AIDS,2009,3019.3
HIV/AIDS,2010,3085.3
HIV/AIDS,2011,3059.2
HIV/AIDS,2012,3074.0
HIV/AIDS,2013,2897.5
HIV/AIDS,2014,2977.5
HIV/AIDS,2015,3000.0
HIV/AIDS,2016,3000.0
HIV/AIDS,2017,3000.0
HIV/AIDS,2018,2995.0
HIV/AIDS,2019,3037.0
HIV/AIDS,2020,3076.0
HIV/AIDS,2021,3082.0
HIV/AIDS,2022,3194.0
HIV/AIDS,2023,3294.0
HIV/AIDS,2024,3293.0
HIV/AIDS,2025,3294.0
Ovarian cancer,2008,96.2
Ovarian cancer,2009,101.8
Ovarian cancer,2010,122.2
Ovarian cancer,2011,138.1
Ovarian cancer,2012,147.4
Ovarian cancer,2013,133.3
Ovarian cancer,2014,130.7
Ovarian cancer,2015,118.2
Ovarian cancer,2016,143.6
Ovarian cancer,2017,151.0
Ovarian cancer,2018,159.0
Ovarian cancer,2019,168.0
Ovarian cancer,2020,188.0
Ovarian cancer,2021,178.0
Ovarian cancer,2022,178.0
Ovarian cancer,2023,171.0
Ovarian cancer,2024,178.0
Ovarian cancer,2025,177.0
Stomach cancer,2008,0
Stomach cancer,2009,0
Stomach cancer,2010,0
Stomach cancer,2011,0
Stomach cancer,2012,0
Stomach cancer,2013,0
Stomach cancer,2014,0
Stomach cancer,2015,0
Stomach cancer,2016,0
Stomach cancer,2017,0
Stomach cancer,2018,0
Stomach cancer,2019,0
Stomach cancer,2020,24.0
Stomach cancer,2021,38.0
Stomach cancer,2022,44.0
Stomach cancer,2023,50.0
Stomach cancer,2024,52.0
Stomach cancer,2025,56.0
Congenital heart disease,2008,0
Congenital heart disease,2009,0
Congenital heart disease,2010,0
Congenital heart disease,2011,0
Congenital heart disease,2012,0
Congenital heart disease,2013,0
Congenital heart disease,2014,0
Congenital heart disease,2015,0
Congenital heart disease,2016,110.9
Congenital heart disease,2017,119.0
Congenital heart disease,2018,117.0
Congenital heart disease,2019,131.0
Congenital heart disease,2020,135.0
Congenital heart disease,2021,136.0
Congenital heart disease,2022,137.0
Congenital heart disease,2023,157.0
Congenital heart disease,2024,154.0
Congenital heart disease,2025,139.0
Vision loss,2008,796.4
Vision loss,2009,862.2
Vision loss,2010,817.4
Vision loss,2011,831.3
Vision loss,2012,841.1
Vision loss,2013,773.8
Vision loss,2014,823.8
Vision loss,2015,778.6
Vision loss,2016,846.6
Vision loss,2017,882.0
Vision loss,2018,963.0
Vision loss,2019,985.0
Vision loss,2020,1012.0
Vision loss,2021,1070.0
Vision loss,2022,1097.0
Vision loss,2023,1146.0
Vision loss,2024,1133.0
Vision loss,2025,1069.0
Multiple sclerosis,2008,168.6
Multiple sclerosis,2009,136.7
Multiple sclerosis,2010,132.7
Multiple sclerosis,2011,121.6
Multiple sclerosis,2012,115.4
Multiple sclerosis,2013,111.5
Multiple sclerosis,2014,102.2
Multiple sclerosis,2015,93.8
Multiple sclerosis,2016,97.1
Multiple sclerosis,2017,111.0
Multiple sclerosis,2018,112.0
Multiple sclerosis,2019,111.0
Multiple sclerosis,2020,124.0
Multiple sclerosis,2021,126.0
Multiple sclerosis,2022,121.0
Multiple sclerosis,2023,110.0
Multiple sclerosis,2024,108.0
Multiple sclerosis,2025,112.0
Rheumatoid arthritis,2008,0
Rheumatoid arthritis,2009,0
Rheumatoid arthritis,2010,0
Rheumatoid arthritis,2011,0
Rheumatoid arthritis,2012,0
Rheumatoid arthritis,2013,0
Rheumatoid arthritis,2014,0
Rheumatoid arthritis,2015,59.4
Rheumatoid arthritis,2016,91.0
Rheumatoid arthritis,2017,93.0
Rheumatoid arthritis,2018,92.0
Rheumatoid arthritis,2019,94.0
Rheumatoid arthritis,2020,87.0
Rheumatoid arthritis,2021,93.0
Rheumatoid arthritis,2022,92.0
Rheumatoid arthritis,2023,90.0
Rheumatoid arthritis,2024,62.0
Rheumatoid arthritis,2025,66.0
Cervical cancer,2008,68.9
Cervical cancer,2009,83.8
Cervical cancer,2010,93.2
Cervical cancer,2011,119.3
Cervical cancer,2012,112.1
Cervical cancer,2013,97.9
Cervical cancer,2014,115.8
Cervical cancer,2015,98.9
Cervical cancer,2016,98.7
Cervical cancer,2017,114.0
Cervical cancer,2018,112.0
Cervical cancer,2019,106.0
Cervical cancer,2020,113.0
Cervical cancer,2021,120.0
Cervical cancer,2022,147.0
Cervical cancer,2023,164.0
Cervical cancer,2024,149.0
Cervical cancer,2025,135.0
Eating disorders,2008,0
Eating disorders,2009,26.0
Eating disorders,2010,28.3
Eating disorders,2011,27.1
Eating disorders,2012,33.9
Eating disorders,2013,30.9
Eating disorders,2014,29.8
Eating disorders,2015,31.2
Eating disorders,2016,28.4
Eating disorders,2017,32.0
Eating disorders,2018,38.0
Eating disorders,2019,44.0
Eating disorders,2020,49.0
Eating disorders,2021,51.0
Eating disorders,2022,55.0
Eating disorders,2023,55.0
Eating disorders,2024,55.0
Eating disorders,2025,53.0
ADHD,2008,60.4
ADHD,2009,70.9
ADHD,2010,66.4
ADHD,2011,55.3
ADHD,2012,59.7
ADHD,2013,49.4
ADHD,2014,44.5
ADHD,2015,41.4
ADHD,2016,47.4
ADHD,2017,54.0
ADHD,2018,58.0
ADHD,2019,64.0
ADHD,2020,72.0
ADHD,2021,72.0
ADHD,2022,78.0
ADHD,2023,72.0
ADHD,2024,75.0
ADHD,2025,73.0
Hepatitis B,2008,52.9
Hepatitis B,2009,51.3
Hepatitis B,2010,65.9
Hepatitis B,2011,58.2
Hepatitis B,2012,50.9
Hepatitis B,2013,48.1
Hepatitis B,2014,48.0
Hepatitis B,2015,41.7
Hepatitis B,2016,46.6
Hepatitis B,2017,42.0
Hepatitis B,2018,55.0
Hepatitis B,2019,67.0
Hepatitis B,2020,70.0
Hepatitis B,2021,149.0
Hepatitis B,2022,132.0
Hepatitis B,2023,138.0
Hepatitis B,2024,136.0
Hepatitis B,2025,173.0
Inflammatory bowel disease,2008,80.8
Inflammatory bowel disease,2009,90.5
Inflammatory bowel disease,2010,106.0
Inflammatory bowel disease,2011,112.9
Inflammatory bowel disease,2012,121.2
Inflammatory bowel disease,2013,113.8
Inflammatory bowel disease,2014,125.2
Inflammatory bowel disease,2015,128.3
Inflammatory bowel disease,2016,125.8
Inflammatory bowel disease,2017,134.0
Inflammatory bowel disease,2018,144.0
Inflammatory bowel disease,2019,163.0
Inflammatory bowel disease,2020,177.0
Inflammatory bowel disease,2021,182.0
Inflammatory bowel disease,2022,195.0
Inflammatory bowel disease,2023,199.0
Inflammatory bowel disease,2024,170.0
Inflammatory bowel disease,2025,186.0
Sudden infant death syndrome,2008,28.9
Sudden infant death syndrome,2009,21.6
Sudden infant death syndrome,2010,25.3
Sudden infant death syndrome,2011,22.7
Sudden infant death syndrome,2012,23.8
Sudden infant death syndrome,2013,19.9
Sudden infant death syndrome,2014,20.5
Sudden infant death syndrome,2015,17.5
Sudden infant death syndrome,2016,16.3
Sudden infant death syndrome,2017,13.0
Sudden infant death syndrome,2018,7.0
Sudden infant death syndrome,2019,11.0
Sudden infant death syndrome,2020,13.0
Sudden infant death syndrome,2021,15.0
Sudden infant death syndrome,2022,15.0
Sudden infant death syndrome,2023,12.0
Sudden infant death syndrome,2024,13.0
Sudden infant death syndrome,2025,12.0
Peptic ulcer,2008,14.0
Peptic ulcer,2009,17.4
Peptic ulcer,2010,29.7
Peptic ulcer,2011,18.3
Peptic ulcer,2012,19.9
Peptic ulcer,2013,18.8
Peptic ulcer,2014,14.7
Peptic ulcer,2015,15.5
Peptic ulcer,2016,9.4
Peptic ulcer,2017,8.0
Peptic ulcer,2018,8.0
Peptic ulcer,2019,8.0
Peptic ulcer,2020,8.0
Peptic ulcer,2021,9.0
Peptic ulcer,2022,9.0
Peptic ulcer,2023,7.0
Peptic ulcer,2024,7.0
Peptic ulcer,2025,7.0
Down syndrome,2008,17.0
Down syndrome,2009,18.4
Down syndrome,2010,21.6
Down syndrome,2011,19.7
Down syndrome,2012,20.3
Down syndrome,2013,18.0
Down syndrome,2014,18.3
Down syndrome,2015,24.3
Down syndrome,2016,26.9
Down syndrome,2017,35.0
Down syndrome,2018,60.0
Down syndrome,2019,86.0
Down syndrome,2020,111.0
Down syndrome,2021,109.0
Down syndrome,2022,113.0
Down syndrome,2023,133.0
Down syndrome,2024,115.0
Down syndrome,2025,124.0
Maternal conditions,2008,0
Maternal conditions,2009,0
Maternal conditions,2010,0
Maternal conditions,2011,0
Maternal conditions,2012,0
Maternal conditions,2013,0
Maternal conditions,2014,0
Maternal conditions,2015,0
Maternal conditions,2016,0
Maternal conditions,2017,0
Maternal conditions,2018,0
Maternal conditions,2019,0
Maternal conditions,2020,224.0
Maternal conditions,2021,240.0
Maternal conditions,2022,346.0
Maternal conditions,2023,429.0
Maternal conditions,2024,382.0
Maternal conditions,2025,425.0
Neural tube defects,2008,15.4
Neural tube defects,2009,13.5
Neural tube defects,2010,12.2
Neural tube defects,2011,10.8
Neural tube defects,2012,12.3
Neural tube defects,2013,10.1
Neural tube defects,2014,9.8
Neural tube defects,2015,9.6
Neural tube defects,2016,11.9
Neural tube defects,2017,13.0
Neural tube defects,2018,14.0
Neural tube defects,2019,16.0
Neural tube defects,2020,18.0
Neural tube defects,2021,16.0
Neural tube defects,2022,17.0
Neural tube defects,2023,16.0
Neural tube defects,2024,16.0
Neural tube defects,2025,10.0
Otitis media,2008,18.1
Otitis media,2009,15.2
Otitis media,2010,19.2
Otitis media,2011,15.2
Otitis media,2012,17.3
Otitis media,2013,14.4
Otitis media,2014,15.9
Otitis media,2015,15.3
Otitis media,2016,15.8
Otitis media,2017,9.0
Otitis media,2018,10.0
Otitis media,2019,13.0
Otitis media,2020,10.0
Otitis media,2021,8.0
Otitis media,2022,10.0
Otitis media,2023,12.0
Otitis media,2024,12.0
Otitis media,2025,15.0
Sickle cell disease,2008,80.4
Sickle cell disease,2009,62.6
Sickle cell disease,2010,73.2
Sickle cell disease,2011,65.1
Sickle cell disease,2012,65.5
Sickle cell disease,2013,69.7
Sickle cell disease,2014,74.9
Sickle cell disease,2015,74.7
Sickle cell disease,2016,92.0
Sickle cell disease,2017,109.0
Sickle cell disease,2018,104.0
Sickle cell disease,2019,139.0
Sickle cell disease,2020,145.0
Sickle cell disease,2021,146.0
Sickle cell disease,2022,153.0
Sickle cell disease,2023,184.0
Sickle cell disease,2024,153.0
Sickle cell disease,2025,155.0
Sexually transmitted infections,2008,244.8
Sexually transmitted infections,2009,249.5
Sexually transmitted infections,2010,250.2
Sexually transmitted infections,2011,259.1
Sexually transmitted infections,2012,275.1
Sexually transmitted infections,2013,241.8
Sexually transmitted infections,2014,262.5
Sexually transmitted infections,2015,249.9
Sexually transmitted infections,2016,260.5
Sexually transmitted infections,2017,322.0
Sexually transmitted infections,2018,354.0
Sexually transmitted infections,2019,354.0
Sexually transmitted infections,2020,394.0
Sexually transmitted infections,2021,362.0
Sexually transmitted infections,2022,366.0
Sexually transmitted infections,2023,388.0
Sexually transmitted infections,2024,448.0
Sexually transmitted infections,2025,452.0
Hodgkin lymphoma,2008,16.2
Hodgkin lymphoma,2009,26.0
Hodgkin lymphoma,2010,24.4
Hodgkin lymphoma,2011,20.2
Hodgkin lymphoma,2012,20.9
Hodgkin lymphoma,2013,13.2
Hodgkin lymphoma,2014,13.8
Hodgkin lymphoma,2015,15.6
Hodgkin lymphoma,2016,14.6
Hodgkin lymphoma,2017,12.0
Hodgkin lymphoma,2018,14.0
Hodgkin lymphoma,2019,12.0
Hodgkin lymphoma,2020,18.0
Hodgkin lymphoma,2021,21.0
Hodgkin lymphoma,2022,19.0
Hodgkin lymphoma,2023,24.0
Hodgkin lymphoma,2024,20.0
Hodgkin lymphoma,2025,24.0
Infertility,2008,73.0
Infertility,2009,74.6
Infertility,2010,75.6
Infertility,2011,73.9
Infertility,2012,73.6
Infertility,2013,78.2
Infertility,2014,76.4
Infertility,2015,71.8
Infertility,2016,86.3
Infertility,2017,94.0
Infertility,2018,120.0
Infertility,2019,151.0
Infertility,2020,161.0
Infertility,2021,192.0
Infertility,2022,189.0
Infertility,2023,216.0
Infertility,2024,221.0
Infertility,2025,242.0
Tuberculosis,2008,141.6
Tuberculosis,2009,189.1
Tuberculosis,2010,188.7
Tuberculosis,2011,209.1
Tuberculosis,2012,217.9
Tuberculosis,2013,240.2
Tuberculosis,2014,278.8
Tuberculosis,2015,272.2
Tuberculosis,2016,290.0
Tuberculosis,2017,347.0
Tuberculosis,2018,403.0
Tuberculosis,2019,488.0
Tuberculosis,2020,477.0
Tuberculosis,2021,594.0
Tuberculosis,2022,611.0
Tuberculosis,2023,595.0
Tuberculosis,2024,578.0
Tuberculosis,2025,588.0
