complaint,measure,women_est,women_lo,women_hi,women_n,men_est,men_lo,men_hi,men_n,diff,diff_lo,diff_hi
abdominal,opioid_ed,32.8,30.1,35.5,3872,35.5,32.0,38.9,2251,-2.6,-7.0,1.7
abdominal,opioid_any,37.3,34.5,40.1,3872,40.6,37.0,44.1,2251,-3.3,-7.8,1.2
abdominal,analgesic_ed,51.5,48.3,54.6,3872,50.1,46.6,53.6,2251,1.4,-3.3,6.1
abdominal,wait_mean,41.2,35.9,46.5,3389,37.8,32.8,42.7,1916,3.5,-3.8,10.7
abdominal,severe_share,62.9,60.3,65.6,2756,58.1,53.9,62.4,1615,4.8,-0.2,9.8
abdominal,urgent,8.3,6.3,10.4,2837,9.0,6.5,11.5,1642,-0.7,-4.0,2.5
abdominal,admitted,17.2,15.5,18.9,3872,20.8,18.1,23.5,2251,-3.6,-6.8,-0.4
abdominal,opioid_ed_severe,40.8,37.1,44.5,1726,48.4,43.3,53.5,936,-7.6,-13.9,-1.3
abdominal,analgesic_ed_severe,61.1,57.4,64.8,1726,62.9,57.9,67.8,936,-1.8,-7.9,4.4
abdominal,wait_mean_severe,38.7,32.7,44.7,1551,35.0,29.4,40.6,808,3.7,-4.5,11.9
abdominal,psych_dx,1.1,0.4,1.8,3872,1.1,0.6,1.6,2251,0.0,-0.9,0.9
abdominal,symptom_dx,46.0,43.1,48.9,3872,43.4,40.4,46.4,2251,2.6,-1.5,6.8
abdominal,tests_count,5.9,5.7,6.1,3843,5.4,5.1,5.7,2224,0.5,0.2,0.8
abdominal,ems,12.1,10.5,13.8,3757,16.8,13.7,19.8,2182,-4.6,-8.1,-1.1
abdominal,ctab,46.2,43.2,49.3,3872,54.4,50.9,57.9,2251,-8.2,-12.8,-3.5
chest,opioid_ed,15.8,13.3,18.2,2190,15.3,12.5,18.0,1990,0.5,-3.2,4.2
chest,opioid_any,18.4,15.6,21.1,2190,17.1,14.4,19.9,1990,1.2,-2.7,5.1
chest,analgesic_ed,50.1,46.1,54.1,2190,49.5,45.6,53.5,1990,0.6,-5.0,6.2
chest,wait_mean,28.8,25.7,31.9,1917,32.7,27.4,37.9,1726,-3.9,-10.0,2.2
chest,severe_share,47.8,44.4,51.3,1446,37.9,33.6,42.2,1338,9.9,4.4,15.4
chest,urgent,39.3,34.0,44.6,1599,44.6,39.1,50.1,1453,-5.3,-12.9,2.3
chest,admitted,18.8,15.3,22.4,2190,25.5,23.0,28.1,1990,-6.7,-11.1,-2.3
chest,opioid_ed_severe,26.6,21.0,32.3,652,28.4,21.4,35.4,502,-1.8,-10.8,7.2
chest,analgesic_ed_severe,63.8,57.9,69.6,652,64.7,58.7,70.7,502,-0.9,-9.3,7.5
chest,wait_mean_severe,28.3,23.7,33.0,584,31.6,22.2,41.1,440,-3.3,-13.9,7.3
chest,psych_dx,2.4,1.4,3.4,2190,3.5,2.2,4.8,1990,-1.1,-2.7,0.5
chest,symptom_dx,67.2,64.1,70.3,2190,65.8,62.9,68.6,1990,1.4,-2.8,5.7
chest,tests_count,6.4,6.2,6.7,2171,6.2,5.9,6.4,1970,0.3,-0.1,0.7
chest,ems,19.8,17.5,22.2,2116,24.4,21.2,27.5,1916,-4.6,-8.5,-0.6
chest,ekg,84.8,81.9,87.7,2190,85.2,82.2,88.1,1990,-0.4,-4.5,3.7
chest,cardmon,30.7,25.8,35.6,2190,30.6,25.3,35.9,1990,0.1,-7.1,7.3
chest,ekg_severe,83.5,79.1,87.9,652,85.0,79.5,90.6,502,-1.5,-8.6,5.6
chest,cardenz,26.0,21.3,30.8,2190,30.4,25.7,35.1,1990,-4.4,-11.1,2.3
chest,ddimer,19.6,16.6,22.7,2190,14.4,11.9,17.0,1990,5.2,1.2,9.1
chest,xray,81.3,79.1,83.6,2190,79.2,76.0,82.5,1990,2.1,-1.9,6.1
chest,ihd_dx,2.7,1.7,3.6,2190,6.5,5.1,7.9,1990,-3.8,-5.5,-2.2
back,opioid_ed,28.6,25.2,32.1,1368,27.4,23.1,31.7,1058,1.2,-4.3,6.7
back,opioid_any,35.5,31.4,39.6,1368,36.5,32.0,41.0,1058,-1.0,-7.0,5.1
back,analgesic_ed,64.0,60.4,67.6,1368,62.9,58.4,67.3,1058,1.1,-4.6,6.8
back,wait_mean,42.0,34.1,50.0,1187,33.5,28.9,38.2,918,8.5,-0.7,17.7
back,severe_share,73.3,69.0,77.6,988,73.2,68.3,78.0,765,0.2,-6.3,6.7
back,urgent,6.6,3.3,9.8,1020,6.4,3.3,9.6,771,0.2,-4.4,4.7
back,admitted,6.3,4.5,8.1,1368,8.1,5.5,10.6,1058,-1.8,-4.9,1.4
back,opioid_ed_severe,35.2,30.3,40.1,736,33.1,27.0,39.3,555,2.1,-5.8,9.9
back,analgesic_ed_severe,73.6,70.0,77.1,736,68.2,61.6,74.7,555,5.4,-2.1,12.8
back,wait_mean_severe,37.9,30.1,45.7,657,33.1,26.4,39.8,490,4.8,-5.4,15.1
back,psych_dx,0.4,0.1,0.7,1368,1.0,0.1,2.0,1058,-0.6,-1.7,0.4
back,symptom_dx,8.0,6.1,9.9,1368,4.4,3.1,5.7,1058,3.6,1.3,5.9
back,tests_count,3.0,2.7,3.2,1344,2.5,2.2,2.8,1034,0.5,0.1,0.8
back,ems,11.9,9.4,14.4,1335,15.3,11.8,18.8,1024,-3.4,-7.7,0.9
headache,opioid_ed,12.4,9.3,15.4,1391,12.2,8.7,15.7,705,0.1,-4.5,4.7
headache,opioid_any,16.0,12.9,19.1,1391,15.6,11.1,20.0,705,0.4,-5.0,5.9
headache,analgesic_ed,59.1,55.1,63.1,1391,51.8,46.6,57.0,705,7.3,0.7,13.8
headache,wait_mean,47.9,32.6,63.1,1213,44.2,36.4,52.1,598,3.6,-13.5,20.8
headache,severe_share,61.5,57.4,65.5,994,49.8,42.2,57.4,479,11.7,3.0,20.3
headache,urgent,11.3,8.7,13.9,1037,8.3,5.3,11.4,500,3.0,-1.0,7.0
headache,admitted,4.9,3.5,6.3,1391,9.5,6.6,12.5,705,-4.6,-7.9,-1.3
headache,opioid_ed_severe,16.8,12.1,21.6,633,16.2,10.4,22.0,258,0.6,-6.9,8.2
headache,analgesic_ed_severe,69.1,63.7,74.6,633,60.8,53.7,67.9,258,8.4,-0.6,17.3
headache,wait_mean_severe,48.6,33.7,63.4,548,40.3,30.7,49.9,222,8.3,-9.4,25.9
headache,psych_dx,0.9,0.4,1.5,1391,4.0,2.0,6.0,705,-3.1,-5.2,-1.0
headache,symptom_dx,41.8,37.9,45.7,1391,40.3,34.9,45.7,705,1.5,-5.2,8.2
headache,tests_count,3.3,3.1,3.6,1369,3.4,3.0,3.8,686,-0.1,-0.5,0.4
headache,ems,10.5,8.3,12.7,1348,14.1,10.3,18.0,681,-3.7,-8.1,0.8
headache,cthead,37.9,34.3,41.5,1391,44.8,38.9,50.7,705,-6.9,-13.8,0.0
limb,opioid_ed,24.4,22.0,26.7,2245,23.1,20.6,25.6,1806,1.3,-2.2,4.7
limb,opioid_any,32.7,29.5,36.0,2245,31.0,28.0,34.0,1806,1.7,-2.7,6.1
limb,analgesic_ed,52.3,48.9,55.7,2245,48.4,44.4,52.4,1806,3.9,-1.4,9.1
limb,wait_mean,34.6,28.7,40.6,1942,38.6,32.5,44.7,1559,-4.0,-12.5,4.6
limb,severe_share,67.8,64.6,70.9,1577,62.1,57.4,66.8,1244,5.7,0.1,11.3
limb,urgent,5.3,3.5,7.2,1661,6.5,3.8,9.1,1350,-1.1,-4.3,2.1
limb,admitted,9.2,7.5,10.9,2245,8.6,6.5,10.8,1806,0.6,-2.1,3.3
limb,opioid_ed_severe,30.9,27.6,34.1,1064,26.0,22.1,30.0,763,4.8,-0.4,10.0
limb,analgesic_ed_severe,62.4,58.1,66.8,1064,56.1,50.1,62.2,763,6.3,-1.1,13.7
limb,wait_mean_severe,32.8,26.2,39.5,937,37.5,30.4,44.5,685,-4.6,-14.3,5.1
limb,psych_dx,0.5,0.1,1.0,2245,1.0,0.4,1.5,1806,-0.4,-1.1,0.3
limb,symptom_dx,4.9,3.5,6.3,2245,4.0,2.6,5.5,1806,0.8,-1.2,2.8
limb,tests_count,2.4,2.2,2.6,2206,2.4,2.2,2.6,1773,0.0,-0.2,0.3
limb,ems,18.8,16.3,21.3,2184,16.8,14.4,19.1,1753,2.0,-1.4,5.4
flank,opioid_ed,36.0,30.7,41.3,814,41.4,35.5,47.4,711,-5.4,-13.4,2.5
flank,opioid_any,43.4,37.7,49.1,814,51.1,45.6,56.6,711,-7.7,-15.7,0.2
flank,analgesic_ed,62.9,57.8,68.1,814,69.4,63.2,75.5,711,-6.4,-14.4,1.6
flank,wait_mean,41.0,33.8,48.3,684,33.5,27.2,39.8,634,7.5,-2.0,17.1
flank,severe_share,68.0,61.8,74.1,576,71.2,66.3,76.1,523,-3.2,-11.1,4.6
flank,urgent,9.1,5.6,12.6,590,12.8,7.9,17.6,542,-3.7,-9.7,2.3
flank,admitted,11.6,8.6,14.5,814,10.9,6.6,15.2,711,0.7,-4.5,5.8
flank,opioid_ed_severe,47.4,39.7,55.1,391,55.5,47.9,63.1,346,-8.1,-18.9,2.8
flank,analgesic_ed_severe,77.9,72.4,83.5,391,85.3,80.9,89.7,346,-7.4,-14.4,-0.3
flank,wait_mean_severe,43.7,31.7,55.7,339,28.9,23.1,34.8,313,14.8,1.4,28.1
flank,psych_dx,0.2,-0.0,0.3,814,0.1,-0.1,0.3,711,0.0,-0.3,0.3
flank,symptom_dx,31.3,27.0,35.6,814,26.7,22.2,31.2,711,4.6,-1.6,10.8
flank,tests_count,4.7,4.4,5.0,798,4.5,4.1,4.9,704,0.2,-0.2,0.7
flank,ems,10.8,7.9,13.8,785,12.6,8.8,16.4,698,-1.8,-6.6,3.1
all,opioid_ed,25.4,23.6,27.3,11880,25.6,23.8,27.4,8521,-0.2,-2.8,2.4
all,opioid_any,30.6,28.6,32.6,11880,31.2,29.2,33.2,8521,-0.6,-3.4,2.3
all,analgesic_ed,54.5,52.2,56.7,11880,52.9,50.4,55.4,8521,1.6,-1.8,5.0
all,wait_mean,38.4,34.2,42.7,10332,36.3,32.6,40.1,7351,2.1,-3.6,7.8
all,severe_share,62.5,60.9,64.1,8337,56.5,54.1,58.9,5964,6.0,3.1,8.9
all,opioid_ed_severe,33.9,31.5,36.2,5202,36.3,33.2,39.3,3360,-2.4,-6.2,1.4
all,analgesic_ed_severe,65.6,63.1,68.1,5202,64.7,61.5,67.8,3360,0.9,-3.1,4.9
all,wait_mean_severe,37.4,33.0,41.9,4616,34.5,30.2,38.8,2958,3.0,-3.2,9.2
all,urgent,13.8,11.9,15.7,8744,17.0,14.6,19.5,6258,-3.3,-6.4,-0.1
all,ems,14.5,13.4,15.6,11525,17.9,16.2,19.6,8254,-3.4,-5.4,-1.4
all,psych_dx,1.1,0.7,1.4,11880,1.8,1.3,2.3,8521,-0.7,-1.3,-0.1
all,symptom_dx,36.8,34.8,38.7,11880,34.4,32.4,36.4,8521,2.4,-0.4,5.1
all,tests_count,4.7,4.5,4.8,11731,4.4,4.2,4.6,8391,0.3,0.0,0.6
heart_attack,age_mean,67.6,64.3,70.8,138,63.3,60.3,66.3,239,4.3,-0.1,8.7
heart_attack,chief_complaint_chest,37.9,26.4,49.4,138,46.0,36.4,55.7,239,-8.1,-23.1,6.9
heart_attack,any_chest,49.7,36.5,63.0,138,58.0,48.8,67.2,239,-8.3,-24.4,7.9
heart_attack,ems,34.8,25.8,43.8,131,47.7,38.9,56.4,234,-12.9,-25.4,-0.4
heart_attack,urgent,48.1,32.4,63.9,98,62.7,52.7,72.7,177,-14.5,-33.2,4.1
heart_attack,esi1,4.8,-2.0,11.5,98,13.8,5.3,22.2,177,-9.0,-19.8,1.8
heart_attack,wait_mean,17.3,12.3,22.2,113,19.3,13.7,24.8,203,-2.0,-9.4,5.4
heart_attack,ekg,78.1,70.2,86.1,138,79.9,72.9,86.9,239,-1.8,-12.4,8.8
heart_attack,cardenz,27.9,16.4,39.4,138,43.4,33.7,53.0,239,-15.4,-30.5,-0.4
heart_attack,admitted,81.8,74.3,89.3,138,77.3,68.5,86.1,239,4.5,-7.1,16.0
heart_attack,lov_mean,307.0,239.0,376.0,128,393.0,316.0,469.0,223,-85.0,-188.0,18.0
