disease,sex_specific,trials,participants,female_pct,female_pct_open,burden_female_pct,dalys_k,skew,ratio,gap_pts,trials_per_100k_dalys,excl_preg_pct,excl_lact_pct,contra_pct,wocbp_pct,max_age_pct,max_age_le75_pct,outcome_by_sex,industry_female_pct,industry_trials,nih_female_pct,nih_trials,academic_female_pct,academic_trials
Stroke,False,583,400011,36.5,36.4,51.0,3960.7,balanced,0.72,-14.5,14.72,39.6,13.4,5.8,12.0,48.2,8.1,0,31.6,121,35.6,3,46.7,375
Schizophrenia,False,584,98993,37.0,37.1,47.1,1010.6,balanced,0.79,-10.1,57.79,52.4,37.0,36.0,23.3,89.9,88.0,0,34.5,210,36.1,6,45.3,291
COPD,False,464,384260,43.8,43.8,51.7,4297.2,balanced,0.85,-7.9,10.8,45.3,39.2,35.6,37.1,33.6,8.6,1,35.1,288,26.6,1,57.1,138
Anxiety disorders,False,654,82806,54.7,52.4,63.7,2494.1,female,0.86,-9.0,26.22,33.2,18.2,21.1,13.6,61.2,55.0,2,64.2,53,55.6,17,53.9,490
Liver cancer,False,324,38129,28.0,28.0,32.7,656.2,male,0.86,-4.7,49.38,67.9,50.0,53.4,43.8,8.6,4.3,0,24.3,105,31.5,40,38.9,174
Coronary heart disease,False,582,694112,31.3,31.2,35.7,10101.9,male,0.88,-4.4,5.76,46.7,25.3,21.1,28.4,32.1,13.6,1,30.1,207,35.5,5,39.8,331
Sickle cell disease,False,208,15861,52.4,52.5,58.6,59.5,balanced,0.89,-6.2,349.58,59.1,40.9,31.7,22.6,65.4,61.1,1,51.6,56,51.6,13,53.1,129
Depression,False,1407,332574,56.6,54.7,62.9,2920.2,female,0.9,-6.3,48.18,37.8,25.9,26.3,17.5,67.0,58.5,9,65.8,294,65.9,25,57.3,919
Alzheimer's and other dementias,False,772,410045,58.3,58.3,64.0,4043.7,female,0.91,-5.7,19.09,18.8,12.8,15.3,18.9,43.3,6.0,3,54.1,300,38.9,10,61.3,414
Inflammatory bowel disease,False,382,94712,46.8,46.8,51.2,155.0,balanced,0.91,-4.4,246.45,39.3,35.6,34.6,26.7,65.2,46.3,0,46.2,273,33.0,5,56.0,95
Kidney disease,False,562,262328,42.7,42.7,46.4,2801.6,balanced,0.92,-3.7,20.06,40.2,39.0,32.2,26.7,39.1,20.3,0,41.0,277,37.0,7,46.8,251
Hearing loss,False,168,10501,43.1,43.1,46.0,2348.0,balanced,0.94,-2.9,7.16,14.9,10.7,7.7,7.1,56.5,29.2,0,45.0,87,40.0,1,55.6,59
Stomach cancer,False,195,29909,36.1,36.1,38.6,288.8,male,0.94,-2.5,67.52,71.3,55.4,59.0,51.3,4.1,2.6,0,34.9,87,38.1,19,40.0,86
Gallbladder disease,False,62,6770,54.0,53.9,56.8,385.8,balanced,0.95,-2.8,16.07,77.4,46.8,56.5,43.5,9.7,1.6,0,53.0,15,55.1,13,55.0,33
Parkinson's disease,False,393,42912,35.9,35.9,37.7,668.9,male,0.95,-1.8,58.75,35.1,31.0,28.5,28.2,53.9,8.4,0,36.3,157,35.0,7,38.8,200
Vision loss,False,698,133306,51.8,58.0,53.0,232.2,balanced,0.98,-1.2,300.6,29.8,28.5,11.0,13.2,33.4,22.6,0,59.2,511,46.1,3,28.3,154
Hepatitis C,False,335,68304,36.3,35.7,36.6,1164.2,male,0.99,-0.3,28.78,48.1,35.2,49.9,33.1,39.1,34.0,0,38.0,190,28.0,27,42.7,95
Lung cancer,False,1497,466260,45.8,45.8,46.2,2858.0,balanced,0.99,-0.4,52.38,63.5,52.9,57.4,48.4,6.9,1.5,1,39.8,648,48.0,114,50.5,688
Multiple sclerosis,False,346,86393,67.7,67.6,67.1,234.0,female,1.01,0.6,147.86,52.0,44.8,41.6,30.9,79.8,72.8,0,66.9,155,69.5,11,74.9,152
Sexually transmitted infections,False,128,142082,79.7,48.2,79.2,43.8,female,1.01,0.5,292.24,58.6,45.3,45.3,40.6,43.8,39.1,0,92.6,47,73.1,24,72.2,50
Osteoarthritis,False,467,115089,59.8,59.7,58.8,1685.8,balanced,1.02,1.0,27.7,37.7,20.6,17.1,14.1,56.1,19.3,3,62.5,206,0.0,1,59.2,213
Pancreatic cancer,False,496,38474,47.0,47.0,45.9,1019.4,balanced,1.02,1.1,48.66,73.0,58.5,59.1,50.4,8.7,2.2,0,46.2,141,47.8,41,48.1,300
Back and neck pain,False,256,302676,56.4,56.2,54.8,5951.5,balanced,1.03,1.6,4.3,49.2,25.8,19.9,15.6,44.9,34.0,1,56.6,87,,0,57.0,138
Peptic ulcer,False,21,10451,46.0,46.0,44.3,111.0,balanced,1.04,1.7,18.92,28.6,42.9,47.6,47.6,9.5,4.8,0,46.1,13,33.3,1,44.5,6
Down syndrome,False,39,11509,47.7,47.7,46.0,77.1,balanced,1.04,1.7,50.58,33.3,15.4,15.4,12.8,82.1,79.5,0,49.9,7,,0,47.6,32
Autism,False,242,15349,29.0,29.5,27.6,606.7,male,1.05,1.4,39.89,25.2,11.6,19.0,10.7,91.7,90.5,0,22.2,39,22.5,4,32.8,184
Bipolar disorder,False,298,45761,52.5,52.5,50.2,474.9,balanced,1.05,2.3,62.75,53.4,40.3,37.9,24.2,80.5,74.8,0,53.5,47,52.4,5,54.4,222
Eating disorders,False,101,13383,75.7,70.9,71.8,191.0,female,1.05,3.9,52.88,52.5,33.7,25.7,9.9,82.2,78.2,1,84.7,9,,0,73.7,80
Asthma,False,568,233839,57.9,57.6,54.8,1428.7,balanced,1.06,3.1,39.76,45.4,36.6,34.2,28.7,69.2,64.3,0,59.9,304,41.7,11,54.3,239
Rheumatoid arthritis,False,424,173952,77.3,77.3,72.9,219.9,female,1.06,4.4,192.81,38.7,36.1,25.7,22.2,34.0,22.6,0,77.3,319,77.7,14,78.1,73
Brain cancer,False,729,52824,46.0,45.4,42.4,558.7,balanced,1.08,3.6,130.48,74.9,59.7,72.6,57.2,26.2,20.2,0,50.1,138,44.9,109,43.5,473
Diabetes,False,2383,1112182,46.7,46.3,42.7,4446.7,balanced,1.09,4.0,53.59,46.2,34.0,28.8,24.1,57.4,44.4,6,43.9,1035,47.2,46,52.5,1152
Otitis media,False,38,57049,51.9,51.9,47.0,52.6,balanced,1.1,4.9,72.24,13.2,13.2,2.6,2.6,65.8,65.8,0,43.8,18,,0,52.2,17
Lymphoma,False,1492,138197,44.4,44.1,40.1,504.8,balanced,1.11,4.3,295.56,67.2,57.6,61.6,48.1,29.0,24.9,0,45.2,453,42.4,155,43.8,859
Oral and dental disease,False,435,93818,58.7,53.3,52.8,1297.8,balanced,1.11,5.9,33.52,57.5,43.2,35.4,30.6,44.6,32.0,0,54.7,151,27.5,25,63.5,239
Colorectal cancer,False,769,430299,49.4,50.3,43.9,1462.4,balanced,1.13,5.5,52.58,57.6,46.9,47.3,42.3,18.6,11.3,0,44.1,251,50.3,65,53.6,397
Hodgkin lymphoma,False,341,26633,44.9,44.9,39.3,31.0,male,1.14,5.6,1100.0,73.9,56.6,61.9,41.6,44.0,41.6,0,43.1,51,40.7,25,46.0,259
Migraine,False,266,78307,83.3,83.1,73.2,2043.6,female,1.14,10.1,13.02,48.5,36.1,31.2,25.2,77.1,71.4,0,83.5,147,,0,81.3,104
Cocaine use disorders,False,117,10051,29.4,27.9,25.7,828.3,male,1.14,3.7,14.13,66.7,47.0,65.8,33.3,88.0,87.2,2,31.5,3,23.2,3,29.9,106
Epilepsy,False,285,42969,52.4,52.2,45.7,442.1,balanced,1.15,6.7,64.47,32.3,30.5,36.8,32.3,74.4,70.2,0,52.0,189,58.5,3,56.2,84
Congenital heart disease,False,153,16848,50.0,48.6,42.6,299.5,balanced,1.17,7.4,51.09,31.4,12.4,14.4,13.1,64.1,61.4,1,51.7,51,37.8,3,48.2,99
Tuberculosis,False,41,16226,42.7,42.2,35.4,19.8,male,1.21,7.3,207.07,48.8,51.2,53.7,43.9,53.7,48.8,0,32.9,2,52.8,7,47.9,23
HIV/AIDS,False,797,160851,31.4,30.1,25.6,312.7,male,1.23,5.8,254.88,51.9,52.9,46.5,38.0,43.5,40.2,8,24.7,201,36.5,126,33.3,394
Pneumonia and influenza,False,1177,2256106,55.3,55.2,43.8,886.9,balanced,1.26,11.5,132.71,45.1,43.5,35.3,33.1,37.4,27.9,6,52.9,521,46.7,87,56.9,490
Skin cancer,False,679,78011,44.0,42.6,34.7,405.4,male,1.27,9.3,167.49,66.6,56.4,64.4,54.6,10.0,5.6,0,42.7,255,38.2,92,54.2,311
Drug use disorders,False,1579,333777,47.5,46.4,35.1,8934.8,male,1.35,12.4,17.67,48.0,32.3,40.3,19.5,64.9,60.6,13,50.9,112,40.6,42,48.7,1256
Opioid use disorders,False,333,126098,49.8,49.4,36.7,7156.7,male,1.36,13.1,4.65,46.8,32.7,32.1,14.1,57.1,52.6,1,35.9,48,45.1,3,50.9,250
ADHD,False,293,38862,36.6,36.6,26.8,192.8,male,1.37,9.8,151.97,38.6,29.4,30.7,26.3,96.2,96.2,0,36.8,124,32.7,1,36.4,161
Hepatitis B,False,91,33216,44.7,44.7,32.3,157.1,male,1.38,12.4,57.92,59.3,54.9,49.5,44.0,63.7,61.5,1,44.0,65,38.4,7,51.0,17
Alcohol use disorders,False,428,42546,41.8,38.9,29.9,1647.3,male,1.4,11.9,25.98,45.6,31.8,53.0,27.8,70.3,67.8,3,40.9,19,30.9,24,46.1,330
Cirrhosis and chronic liver disease,False,306,39202,55.2,55.2,36.3,1986.2,male,1.52,18.9,15.41,47.7,48.0,45.1,35.3,67.6,56.5,0,58.5,172,38.4,16,49.1,106
Esophageal cancer,False,186,17850,33.6,33.6,18.9,412.5,male,1.78,14.7,45.09,71.5,55.4,61.3,47.3,8.1,3.2,0,33.9,52,21.8,14,34.2,119
Suicide and self-harm,False,176,135973,41.9,41.6,22.4,2003.4,male,1.87,19.5,8.79,27.3,17.0,14.8,8.0,67.6,58.5,1,52.8,5,,0,45.4,115
Breast cancer,True,1712,411490,96.0,89.1,98.8,1298.1,female,,,,59.8,46.8,46.6,38.7,12.6,7.8,1,95.1,493,98.5,85,96.5,1080
Cervical cancer,True,190,127714,97.8,60.2,100.0,213.5,female,,,,59.5,40.5,42.6,38.9,19.5,16.8,1,96.9,47,94.1,30,98.5,103
Macular degeneration,False,238,88921,46.0,54.2,,,,,,,32.8,31.1,34.5,31.1,10.1,1.3,0,55.6,140,56.8,15,36.6,75
Ovarian cancer,True,542,148034,95.2,63.3,100.0,319.0,female,,,,61.8,49.1,58.7,47.4,6.6,3.7,0,86.8,205,99.8,76,91.7,247
Prostate cancer,True,983,260187,2.5,41.0,0.0,802.0,male,,,,6.9,6.4,39.2,17.0,11.5,3.4,4,2.0,232,0.4,88,4.7,624
Testicular cancer,True,36,2432,38.6,36.6,,,,,,,61.1,41.7,63.9,38.9,27.8,27.8,0,53.1,1,51.4,2,37.4,33
Uterine cancer,True,321,139378,97.3,64.9,100.0,312.1,female,,,,57.0,42.1,42.4,39.9,15.3,10.9,2,96.1,83,96.3,43,98.2,180
Gynaecological diseases,True,236,28117,99.7,69.8,100.0,896.6,female,,,,53.4,35.6,46.2,2.5,80.1,79.2,5,100.0,75,100.0,2,99.2,134
Infertility,True,71,11212,89.6,16.1,42.8,19.0,balanced,,,,31.0,11.3,23.9,5.6,91.5,88.7,0,95.2,14,,0,84.3,55
Preterm birth,True,144,97924,91.9,49.6,47.5,1005.1,balanced,,,,11.8,4.9,2.8,0.7,72.9,72.9,0,84.5,16,,0,92.2,126
Maternal conditions,True,412,148316,92.4,59.0,100.0,67.8,female,,,,26.0,10.2,4.6,0.5,58.0,56.6,2,88.2,39,60.7,4,94.0,354
