complaint,age,measure,women_est,women_lo,women_hi,men_est,men_lo,men_hi,diff,n_women,n_men
abdominal,18-44,severe_share,61.8,58.8,64.8,62.9,58.3,67.6,-1.2,2241,1050
abdominal,18-44,urgent,8.0,5.1,10.8,8.3,5.5,11.1,-0.4,2241,1050
abdominal,18-44,ems,7.8,6.4,9.2,13.1,9.6,16.6,-5.3,2241,1050
abdominal,18-44,wait_mean,44.0,37.0,51.0,41.0,34.0,49.0,2.0,2241,1050
abdominal,18-44,analgesic_ed,49.0,45.1,52.9,47.1,42.3,51.9,1.8,2241,1050
abdominal,18-44,opioid_ed,27.1,24.1,30.1,30.7,26.1,35.3,-3.6,2241,1050
abdominal,18-44,anyimage,64.3,61.4,67.2,62.3,57.7,67.0,1.9,2241,1050
abdominal,18-44,tests_count,5.6,5.4,5.7,4.7,4.5,5.0,0.8,2241,1050
abdominal,18-44,admitted,0.9,0.1,1.7,0.7,0.2,1.3,0.2,2241,1050
abdominal,18-44,symptom_dx,47.1,43.5,50.7,42.9,38.2,47.6,4.1,2241,1050
abdominal,18-44,lov_mean,306.0,280.0,333.0,302.0,272.0,332.0,5.0,2241,1050
abdominal,45-64,severe_share,70.3,66.6,74.1,59.1,53.4,64.8,11.2,1031,778
abdominal,45-64,urgent,7.9,5.1,10.7,8.4,4.9,12.0,-0.5,1031,778
abdominal,45-64,ems,13.9,10.5,17.2,15.0,11.2,18.7,-1.1,1031,778
abdominal,45-64,wait_mean,36.0,29.0,43.0,36.0,28.0,43.0,1.0,1031,778
abdominal,45-64,analgesic_ed,58.0,53.4,62.5,55.3,49.7,60.9,2.7,1031,778
abdominal,45-64,opioid_ed,42.4,37.7,47.2,42.7,37.7,47.8,-0.3,1031,778
abdominal,45-64,anyimage,78.9,75.3,82.4,74.2,69.7,78.7,4.7,1031,778
abdominal,45-64,tests_count,6.1,5.8,6.4,5.5,5.2,5.9,0.6,1031,778
abdominal,45-64,admitted,2.5,1.0,3.9,1.3,0.3,2.2,1.2,1031,778
abdominal,45-64,symptom_dx,48.7,43.4,53.9,44.6,39.8,49.4,4.1,1031,778
abdominal,45-64,lov_mean,353.0,320.0,387.0,331.0,297.0,365.0,23.0,1031,778
abdominal,65+,severe_share,54.1,45.2,63.1,46.6,37.0,56.1,7.6,600,423
abdominal,65+,urgent,10.2,6.4,14.0,11.5,6.6,16.3,-1.3,600,423
abdominal,65+,ems,25.7,20.4,31.0,27.6,20.5,34.8,-1.9,600,423
abdominal,65+,wait_mean,40.0,32.0,48.0,34.0,27.0,41.0,6.0,600,423
abdominal,65+,analgesic_ed,50.2,44.2,56.2,47.7,41.2,54.1,2.5,600,423
abdominal,65+,opioid_ed,38.4,33.2,43.7,33.3,27.8,38.9,5.1,600,423
abdominal,65+,anyimage,86.3,82.1,90.6,83.5,79.3,87.7,2.8,600,423
abdominal,65+,tests_count,6.6,6.2,7.1,6.5,5.9,7.1,0.1,600,423
abdominal,65+,admitted,4.6,2.2,7.0,3.8,1.3,6.4,0.8,600,423
abdominal,65+,symptom_dx,37.7,33.0,42.4,42.4,36.0,48.8,-4.7,600,423
abdominal,65+,lov_mean,420.0,350.0,490.0,384.0,313.0,454.0,36.0,600,423
abdominal,all,severe_share,62.9,60.3,65.6,58.1,53.9,62.4,4.8,3872,2251
abdominal,all,urgent,8.3,6.3,10.4,9.0,6.5,11.5,-0.7,3872,2251
abdominal,all,ems,12.1,10.5,13.8,16.8,13.7,19.8,-4.6,3872,2251
abdominal,all,wait_mean,41.0,36.0,47.0,38.0,33.0,43.0,3.0,3872,2251
abdominal,all,analgesic_ed,51.5,48.3,54.6,50.1,46.6,53.6,1.4,3872,2251
abdominal,all,opioid_ed,32.8,30.1,35.5,35.5,32.0,38.9,-2.6,3872,2251
abdominal,all,anyimage,71.5,69.4,73.6,70.8,67.8,73.9,0.7,3872,2251
abdominal,all,tests_count,5.9,5.7,6.1,5.4,5.1,5.7,0.5,3872,2251
abdominal,all,admitted,1.9,0.9,2.8,1.5,0.8,2.3,0.3,3872,2251
abdominal,all,symptom_dx,46.0,43.1,48.9,43.4,40.4,46.4,2.6,3872,2251
abdominal,all,lov_mean,336.0,308.0,364.0,329.0,303.0,355.0,7.0,3872,2251
chest,18-44,severe_share,51.4,46.2,56.5,40.2,34.1,46.4,11.1,885,732
chest,18-44,urgent,25.5,20.3,30.7,35.2,27.7,42.7,-9.7,885,732
chest,18-44,ems,12.3,9.5,15.0,16.2,12.3,20.1,-3.9,885,732
chest,18-44,wait_mean,30.0,27.0,34.0,37.0,28.0,47.0,-7.0,885,732
chest,18-44,analgesic_ed,43.2,37.6,48.8,41.2,36.9,45.4,2.0,885,732
chest,18-44,opioid_ed,10.7,7.1,14.3,7.4,4.9,9.8,3.3,885,732
chest,18-44,anyimage,82.4,78.1,86.7,83.6,79.7,87.5,-1.2,885,732
chest,18-44,tests_count,5.9,5.6,6.3,5.5,5.2,5.8,0.4,885,732
chest,18-44,admitted,0.2,-0.1,0.5,1.5,0.5,2.6,-1.3,885,732
chest,18-44,symptom_dx,67.1,62.9,71.3,67.8,62.5,73.0,-0.7,885,732
chest,18-44,lov_mean,276.0,244.0,308.0,258.0,229.0,286.0,18.0,885,732
chest,45-64,severe_share,50.9,44.9,56.9,40.6,34.4,46.7,10.4,765,771
chest,45-64,urgent,45.6,39.1,52.0,52.5,44.9,60.2,-7.0,765,771
chest,45-64,ems,17.6,14.2,21.0,25.4,20.4,30.4,-7.8,765,771
chest,45-64,wait_mean,29.0,24.0,34.0,29.0,22.0,37.0,-0.0,765,771
chest,45-64,analgesic_ed,57.0,51.9,62.0,57.6,51.2,63.9,-0.6,765,771
chest,45-64,opioid_ed,20.0,16.1,23.9,20.4,15.4,25.4,-0.4,765,771
chest,45-64,anyimage,88.5,85.7,91.4,83.4,78.5,88.3,5.1,765,771
chest,45-64,tests_count,6.7,6.4,7.0,6.4,6.0,6.7,0.3,765,771
chest,45-64,admitted,2.6,1.1,4.2,2.3,1.0,3.6,0.3,765,771
chest,45-64,symptom_dx,68.5,64.2,72.8,64.2,59.0,69.4,4.3,765,771
chest,45-64,lov_mean,337.0,291.0,383.0,375.0,336.0,414.0,-38.0,765,771
chest,65+,severe_share,36.4,29.2,43.6,29.5,21.1,37.9,6.9,540,487
chest,65+,urgent,51.3,43.3,59.3,46.6,37.9,55.2,4.7,540,487
chest,65+,ems,36.0,30.1,42.0,34.8,28.9,40.8,1.2,540,487
chest,65+,wait_mean,26.0,21.0,30.0,31.0,22.0,41.0,-6.0,540,487
chest,65+,analgesic_ed,51.0,44.1,57.9,48.8,42.7,54.8,2.2,540,487
chest,65+,opioid_ed,17.6,12.7,22.5,18.6,13.1,24.2,-1.1,540,487
chest,65+,anyimage,93.8,91.5,96.1,85.9,81.9,89.9,7.9,540,487
chest,65+,tests_count,6.8,6.5,7.2,6.8,6.3,7.2,0.1,540,487
chest,65+,admitted,4.5,2.1,6.8,8.0,3.7,12.2,-3.5,540,487
chest,65+,symptom_dx,65.3,59.3,71.4,65.3,59.9,70.8,0.0,540,487
chest,65+,lov_mean,393.0,302.0,484.0,385.0,330.0,440.0,8.0,540,487
chest,all,severe_share,47.8,44.4,51.3,37.9,33.6,42.2,9.9,2190,1990
chest,all,urgent,39.3,34.0,44.6,44.6,39.1,50.1,-5.3,2190,1990
chest,all,ems,19.8,17.5,22.2,24.4,21.2,27.5,-4.6,2190,1990
chest,all,wait_mean,29.0,26.0,32.0,33.0,27.0,38.0,-4.0,2190,1990
chest,all,analgesic_ed,50.1,46.1,54.1,49.5,45.6,53.5,0.6,2190,1990
chest,all,opioid_ed,15.8,13.3,18.2,15.3,12.5,18.0,0.5,2190,1990
chest,all,anyimage,87.4,85.1,89.6,84.1,81.1,87.1,3.3,2190,1990
chest,all,tests_count,6.4,6.2,6.7,6.2,5.9,6.4,0.3,2190,1990
chest,all,admitted,2.1,1.2,3.1,3.4,2.0,4.8,-1.3,2190,1990
chest,all,symptom_dx,67.2,64.1,70.3,65.8,62.9,68.6,1.4,2190,1990
chest,all,lov_mean,326.0,290.0,362.0,334.0,306.0,362.0,-8.0,2190,1990
back,18-44,severe_share,74.0,69.5,78.6,72.2,66.6,77.8,1.8,653,473
back,18-44,urgent,5.4,0.8,10.0,4.2,0.6,7.9,1.2,653,473
back,18-44,ems,6.4,4.2,8.6,8.5,5.3,11.6,-2.1,653,473
back,18-44,wait_mean,41.0,27.0,56.0,32.0,26.0,37.0,9.0,653,473
back,18-44,analgesic_ed,61.1,56.3,65.9,61.5,54.8,68.2,-0.4,653,473
back,18-44,opioid_ed,19.3,15.3,23.2,19.5,14.5,24.6,-0.2,653,473
back,18-44,anyimage,45.9,40.8,51.0,47.6,41.2,53.9,-1.7,653,473
back,18-44,tests_count,2.8,2.5,3.1,1.6,1.3,1.9,1.2,653,473
back,18-44,admitted,0.3,-0.1,0.7,0.5,-0.2,1.2,-0.2,653,473
back,18-44,symptom_dx,7.9,5.3,10.4,2.9,1.3,4.6,4.9,653,473
back,18-44,lov_mean,210.0,183.0,237.0,166.0,146.0,185.0,44.0,653,473
back,45-64,severe_share,80.3,74.6,85.9,73.8,64.7,82.9,6.5,429,388
back,45-64,urgent,5.1,1.6,8.6,6.8,2.0,11.5,-1.7,429,388
back,45-64,ems,10.5,6.6,14.4,17.3,11.5,23.1,-6.8,429,388
back,45-64,wait_mean,44.0,33.0,56.0,32.0,25.0,40.0,12.0,429,388
back,45-64,analgesic_ed,69.0,62.8,75.2,62.6,56.9,68.3,6.4,429,388
back,45-64,opioid_ed,32.7,26.7,38.8,28.8,22.5,35.2,3.9,429,388
back,45-64,anyimage,66.2,60.4,72.0,56.0,48.7,63.4,10.2,429,388
back,45-64,tests_count,2.6,2.2,2.9,2.8,2.4,3.2,-0.2,429,388
back,45-64,admitted,0.1,-0.1,0.2,0.6,-0.3,1.5,-0.5,429,388
back,45-64,symptom_dx,10.1,6.6,13.6,4.4,2.1,6.7,5.7,429,388
back,45-64,lov_mean,227.0,197.0,257.0,219.0,193.0,245.0,8.0,429,388
back,65+,severe_share,63.3,51.9,74.6,74.1,65.3,82.9,-10.8,286,197
back,65+,urgent,10.5,4.4,16.6,10.2,3.4,17.1,0.3,286,197
back,65+,ems,24.5,17.9,31.2,27.2,17.8,36.5,-2.6,286,197
back,65+,wait_mean,41.0,29.0,52.0,40.0,28.0,51.0,1.0,286,197
back,65+,analgesic_ed,63.2,55.4,70.9,66.4,57.3,75.4,-3.2,286,197
back,65+,opioid_ed,41.7,35.0,48.3,42.8,33.0,52.6,-1.1,286,197
back,65+,anyimage,76.3,70.0,82.6,72.1,63.3,81.0,4.2,286,197
back,65+,tests_count,3.8,3.3,4.2,4.0,3.3,4.6,-0.2,286,197
back,65+,admitted,1.1,0.2,2.0,2.6,-0.4,5.6,-1.5,286,197
back,65+,symptom_dx,5.6,2.0,9.2,7.7,3.9,11.5,-2.1,286,197
back,65+,lov_mean,275.0,239.0,311.0,260.0,213.0,308.0,14.0,286,197
back,all,severe_share,73.3,69.0,77.6,73.2,68.3,78.0,0.2,1368,1058
back,all,urgent,6.6,3.3,9.8,6.4,3.3,9.6,0.2,1368,1058
back,all,ems,11.9,9.4,14.4,15.3,11.8,18.8,-3.4,1368,1058
back,all,wait_mean,42.0,34.0,50.0,34.0,29.0,38.0,9.0,1368,1058
back,all,analgesic_ed,64.0,60.4,67.6,62.9,58.4,67.3,1.1,1368,1058
back,all,opioid_ed,28.6,25.2,32.1,27.4,23.1,31.7,1.2,1368,1058
back,all,anyimage,59.2,55.3,63.1,55.4,51.7,59.1,3.8,1368,1058
back,all,tests_count,3.0,2.7,3.2,2.5,2.2,2.8,0.5,1368,1058
back,all,admitted,0.4,0.1,0.7,1.0,0.2,1.7,-0.5,1368,1058
back,all,symptom_dx,8.0,6.1,9.9,4.4,3.1,5.7,3.6,1368,1058
back,all,lov_mean,231.0,209.0,252.0,203.0,185.0,220.0,28.0,1368,1058
headache,18-44,severe_share,62.3,57.0,67.6,49.6,39.7,59.5,12.7,800,382
headache,18-44,urgent,7.2,4.6,9.8,5.7,2.1,9.3,1.5,800,382
headache,18-44,ems,6.9,4.7,9.2,11.7,7.6,15.9,-4.8,800,382
headache,18-44,wait_mean,53.0,31.0,75.0,33.0,25.0,40.0,20.0,800,382
headache,18-44,analgesic_ed,58.2,53.7,62.7,52.8,44.5,61.1,5.4,800,382
headache,18-44,opioid_ed,10.3,7.1,13.5,10.5,5.6,15.3,-0.2,800,382
headache,18-44,anyimage,37.8,32.6,43.0,49.1,41.5,56.8,-11.4,800,382
headache,18-44,tests_count,2.8,2.6,3.1,2.6,2.2,3.1,0.2,800,382
headache,18-44,admitted,0.5,0.0,0.9,0.6,-0.0,1.3,-0.2,800,382
headache,18-44,symptom_dx,41.5,36.5,46.5,41.2,34.7,47.7,0.3,800,382
headache,18-44,lov_mean,230.0,206.0,254.0,203.0,172.0,233.0,27.0,800,382
headache,45-64,severe_share,66.5,58.9,74.0,52.9,41.7,64.1,13.6,385,214
headache,45-64,urgent,14.3,9.0,19.6,12.5,6.1,18.9,1.8,385,214
headache,45-64,ems,8.7,5.5,11.8,11.4,5.7,17.0,-2.7,385,214
headache,45-64,wait_mean,40.0,30.0,50.0,55.0,40.0,71.0,-15.0,385,214
headache,45-64,analgesic_ed,64.0,56.6,71.3,51.4,42.2,60.6,12.6,385,214
headache,45-64,opioid_ed,17.8,11.8,23.8,13.1,7.9,18.3,4.7,385,214
headache,45-64,anyimage,61.8,54.3,69.4,60.4,53.1,67.6,1.5,385,214
headache,45-64,tests_count,3.8,3.4,4.2,3.6,3.0,4.2,0.2,385,214
headache,45-64,admitted,0.2,-0.2,0.6,0.0,0.0,0.0,0.2,385,214
headache,45-64,symptom_dx,42.6,35.5,49.7,40.8,32.2,49.5,1.8,385,214
headache,45-64,lov_mean,270.0,230.0,310.0,296.0,243.0,350.0,-27.0,385,214
headache,65+,severe_share,49.6,39.1,60.1,43.8,27.1,60.5,5.8,206,109
headache,65+,urgent,20.0,12.5,27.4,9.2,3.1,15.3,10.8,206,109
headache,65+,ems,27.2,18.6,35.7,26.8,15.1,38.6,0.3,206,109
headache,65+,wait_mean,44.0,22.0,65.0,60.0,33.0,88.0,-17.0,206,109
headache,65+,analgesic_ed,53.2,43.8,62.6,49.5,37.2,61.8,3.6,206,109
headache,65+,opioid_ed,9.8,5.1,14.5,15.9,7.4,24.3,-6.1,206,109
headache,65+,anyimage,81.2,75.1,87.3,85.8,78.2,93.5,-4.6,206,109
headache,65+,tests_count,4.4,3.9,4.9,5.5,4.6,6.4,-1.1,206,109
headache,65+,admitted,2.9,-0.1,6.0,4.3,-0.4,8.9,-1.3,206,109
headache,65+,symptom_dx,41.3,33.3,49.3,36.6,24.0,49.3,4.7,206,109
headache,65+,lov_mean,329.0,259.0,398.0,357.0,296.0,418.0,-28.0,206,109
headache,all,severe_share,61.5,57.4,65.5,49.8,42.2,57.4,11.7,1391,705
headache,all,urgent,11.3,8.7,13.9,8.3,5.3,11.4,3.0,1391,705
headache,all,ems,10.5,8.3,12.7,14.1,10.3,18.0,-3.7,1391,705
headache,all,wait_mean,48.0,33.0,63.0,44.0,36.0,52.0,4.0,1391,705
headache,all,analgesic_ed,59.1,55.1,63.1,51.8,46.6,57.0,7.3,1391,705
headache,all,opioid_ed,12.4,9.3,15.4,12.2,8.7,15.7,0.1,1391,705
headache,all,anyimage,51.1,46.8,55.3,58.8,53.6,64.1,-7.8,1391,705
headache,all,tests_count,3.3,3.1,3.6,3.4,3.0,3.8,-0.1,1391,705
headache,all,admitted,0.8,0.2,1.3,1.1,0.1,2.0,-0.3,1391,705
headache,all,symptom_dx,41.8,37.9,45.7,40.3,34.9,45.7,1.5,1391,705
headache,all,lov_mean,256.0,230.0,281.0,257.0,230.0,284.0,-1.0,1391,705
limb,18-44,severe_share,67.7,62.6,72.7,60.2,54.6,65.8,7.5,861,782
limb,18-44,urgent,5.5,2.6,8.3,6.4,2.1,10.7,-0.9,861,782
limb,18-44,ems,9.6,7.0,12.3,13.0,9.5,16.6,-3.4,861,782
limb,18-44,wait_mean,39.0,30.0,49.0,34.0,28.0,40.0,5.0,861,782
limb,18-44,analgesic_ed,51.7,46.6,56.8,47.7,42.8,52.6,4.0,861,782
limb,18-44,opioid_ed,19.2,16.0,22.3,19.5,16.0,23.1,-0.4,861,782
limb,18-44,anyimage,73.0,69.1,76.9,71.3,66.8,75.8,1.7,861,782
limb,18-44,tests_count,1.8,1.5,2.0,1.7,1.5,2.0,0.0,861,782
limb,18-44,admitted,0.2,-0.1,0.6,0.9,-0.1,1.9,-0.7,861,782
limb,18-44,symptom_dx,4.1,2.4,5.7,3.9,1.8,6.0,0.2,861,782
limb,18-44,lov_mean,200.0,173.0,228.0,211.0,163.0,258.0,-10.0,861,782
limb,45-64,severe_share,72.6,67.1,78.1,68.5,61.6,75.4,4.1,760,624
limb,45-64,urgent,3.4,1.6,5.2,7.6,4.0,11.2,-4.2,760,624
limb,45-64,ems,14.3,11.0,17.5,14.5,11.2,17.8,-0.2,760,624
limb,45-64,wait_mean,30.0,25.0,34.0,42.0,30.0,55.0,-13.0,760,624
limb,45-64,analgesic_ed,51.9,47.2,56.6,50.7,44.1,57.4,1.2,760,624
limb,45-64,opioid_ed,24.7,20.3,29.0,24.9,19.8,30.0,-0.2,760,624
limb,45-64,anyimage,74.4,69.8,78.9,66.4,60.3,72.5,8.0,760,624
limb,45-64,tests_count,2.3,2.0,2.5,2.4,2.0,2.7,-0.1,760,624
limb,45-64,admitted,0.5,-0.0,0.9,0.6,0.1,1.2,-0.2,760,624
limb,45-64,symptom_dx,4.9,2.4,7.3,3.5,1.2,5.8,1.3,760,624
limb,45-64,lov_mean,218.0,190.0,247.0,244.0,202.0,285.0,-25.0,760,624
limb,65+,severe_share,62.2,55.7,68.6,55.9,47.0,64.8,6.2,624,400
limb,65+,urgent,7.3,3.9,10.6,5.0,1.9,8.1,2.2,624,400
limb,65+,ems,37.3,31.7,42.9,27.4,21.8,33.0,9.9,624,400
limb,65+,wait_mean,34.0,23.0,45.0,41.0,31.0,51.0,-7.0,624,400
limb,65+,analgesic_ed,53.5,47.8,59.2,46.2,38.1,54.3,7.3,624,400
limb,65+,opioid_ed,31.5,26.2,36.7,27.3,21.5,33.1,4.2,624,400
limb,65+,anyimage,85.4,81.5,89.3,84.7,80.0,89.4,0.7,624,400
limb,65+,tests_count,3.5,3.1,3.8,3.5,3.1,3.9,-0.0,624,400
limb,65+,admitted,2.0,0.5,3.6,2.3,-0.0,4.5,-0.2,624,400
limb,65+,symptom_dx,6.0,3.3,8.8,5.1,2.1,8.1,1.0,624,400
limb,65+,lov_mean,277.0,241.0,313.0,275.0,225.0,325.0,2.0,624,400
limb,all,severe_share,67.8,64.6,70.9,62.1,57.4,66.8,5.7,2245,1806
limb,all,urgent,5.3,3.5,7.2,6.5,3.8,9.1,-1.1,2245,1806
limb,all,ems,18.8,16.3,21.3,16.8,14.4,19.1,2.0,2245,1806
limb,all,wait_mean,35.0,29.0,41.0,39.0,33.0,45.0,-4.0,2245,1806
limb,all,analgesic_ed,52.3,48.9,55.7,48.4,44.4,52.4,3.9,2245,1806
limb,all,opioid_ed,24.4,22.0,26.7,23.1,20.6,25.6,1.3,2245,1806
limb,all,anyimage,76.9,74.2,79.5,72.6,69.5,75.8,4.2,2245,1806
limb,all,tests_count,2.4,2.2,2.6,2.4,2.2,2.6,0.0,2245,1806
limb,all,admitted,0.8,0.3,1.3,1.1,0.3,1.9,-0.3,2245,1806
limb,all,symptom_dx,4.9,3.5,6.3,4.0,2.6,5.5,0.8,2245,1806
limb,all,lov_mean,228.0,206.0,249.0,236.0,207.0,266.0,-9.0,2245,1806
flank,18-44,severe_share,64.8,57.1,72.5,73.2,65.7,80.7,-8.4,407,291
flank,18-44,urgent,8.5,3.5,13.5,14.9,5.0,24.8,-6.4,407,291
flank,18-44,ems,7.8,3.5,12.0,6.8,3.5,10.2,0.9,407,291
flank,18-44,wait_mean,38.0,31.0,44.0,38.0,27.0,49.0,-1.0,407,291
flank,18-44,analgesic_ed,61.4,54.4,68.3,70.2,61.9,78.5,-8.8,407,291
flank,18-44,opioid_ed,28.7,22.2,35.3,40.4,31.5,49.2,-11.6,407,291
flank,18-44,anyimage,70.7,63.6,77.7,81.5,76.0,87.1,-10.9,407,291
flank,18-44,tests_count,4.6,4.2,5.0,4.0,3.6,4.5,0.6,407,291
flank,18-44,admitted,0.1,-0.1,0.4,0.8,-0.2,1.8,-0.7,407,291
flank,18-44,symptom_dx,29.3,23.1,35.4,26.5,20.1,32.8,2.8,407,291
flank,18-44,lov_mean,256.0,220.0,293.0,233.0,198.0,268.0,23.0,407,291
flank,45-64,severe_share,78.2,69.1,87.2,71.7,64.3,79.2,6.4,244,284
flank,45-64,urgent,10.7,3.3,18.0,13.8,7.9,19.7,-3.1,244,284
flank,45-64,ems,11.2,5.9,16.5,13.1,7.4,18.8,-1.9,244,284
flank,45-64,wait_mean,52.0,36.0,68.0,30.0,24.0,37.0,22.0,244,284
flank,45-64,analgesic_ed,67.3,59.8,74.7,73.0,64.7,81.2,-5.7,244,284
flank,45-64,opioid_ed,41.5,33.7,49.2,43.1,35.4,50.9,-1.7,244,284
flank,45-64,anyimage,81.6,75.0,88.2,82.3,76.3,88.2,-0.6,244,284
flank,45-64,tests_count,4.7,4.3,5.2,4.6,4.1,5.1,0.1,244,284
flank,45-64,admitted,0.9,-0.1,2.0,0.4,-0.2,1.1,0.5,244,284
flank,45-64,symptom_dx,33.6,24.4,42.7,24.1,17.8,30.3,9.5,244,284
flank,45-64,lov_mean,294.0,246.0,342.0,246.0,216.0,276.0,48.0,244,284
flank,65+,severe_share,60.5,48.4,72.6,66.0,55.8,76.3,-5.6,163,136
flank,65+,urgent,8.5,1.5,15.4,5.8,1.1,10.6,2.7,163,136
flank,65+,ems,17.8,9.0,26.5,24.1,13.6,34.5,-6.3,163,136
flank,65+,wait_mean,34.0,24.0,44.0,30.0,17.0,42.0,4.0,163,136
flank,65+,analgesic_ed,60.9,49.3,72.4,59.5,50.1,68.8,1.4,163,136
flank,65+,opioid_ed,46.3,33.6,58.9,40.1,29.0,51.1,6.2,163,136
flank,65+,anyimage,83.2,75.5,90.8,86.7,79.5,93.9,-3.5,163,136
flank,65+,tests_count,5.0,4.4,5.5,5.1,4.2,6.0,-0.1,163,136
flank,65+,admitted,1.4,-0.6,3.4,1.8,-0.6,4.2,-0.4,163,136
flank,65+,symptom_dx,33.3,22.9,43.8,33.2,23.9,42.5,0.1,163,136
flank,65+,lov_mean,311.0,256.0,365.0,292.0,239.0,345.0,18.0,163,136
flank,all,severe_share,68.0,61.8,74.1,71.2,66.3,76.1,-3.2,814,711
flank,all,urgent,9.1,5.6,12.6,12.8,7.9,17.6,-3.7,814,711
flank,all,ems,10.8,7.9,13.8,12.6,8.8,16.4,-1.8,814,711
flank,all,wait_mean,41.0,34.0,48.0,33.0,27.0,40.0,8.0,814,711
flank,all,analgesic_ed,62.9,57.8,68.1,69.4,63.2,75.5,-6.4,814,711
flank,all,opioid_ed,36.0,30.7,41.3,41.4,35.5,47.4,-5.4,814,711
flank,all,anyimage,76.4,71.7,81.1,82.8,79.3,86.3,-6.4,814,711
flank,all,tests_count,4.7,4.4,5.0,4.5,4.1,4.9,0.2,814,711
flank,all,admitted,0.6,0.0,1.2,0.8,0.2,1.5,-0.2,814,711
flank,all,symptom_dx,31.3,27.0,35.6,26.7,22.2,31.2,4.6,814,711
flank,all,lov_mean,279.0,251.0,306.0,250.0,226.0,274.0,29.0,814,711
all,18-44,severe_share,62.7,60.6,64.8,58.3,55.8,60.8,4.4,5847,3710
all,18-44,urgent,9.8,7.7,12.0,13.5,10.7,16.3,-3.6,5847,3710
all,18-44,ems,8.5,7.5,9.5,12.5,11.0,14.0,-4.0,5847,3710
all,18-44,wait_mean,42.0,36.0,47.0,37.0,33.0,41.0,5.0,5847,3710
all,18-44,analgesic_ed,51.9,49.0,54.8,50.2,47.3,53.1,1.6,5847,3710
all,18-44,opioid_ed,20.5,18.5,22.5,20.8,18.8,22.9,-0.3,5847,3710
all,18-44,anyimage,63.3,61.1,65.5,67.0,64.4,69.6,-3.7,5847,3710
all,18-44,tests_count,4.4,4.1,4.6,3.6,3.4,3.8,0.7,5847,3710
all,18-44,admitted,0.5,0.2,0.8,0.9,0.5,1.3,-0.4,5847,3710
all,18-44,symptom_dx,37.6,35.2,40.1,33.3,30.8,35.8,4.3,5847,3710
all,18-44,lov_mean,262.0,245.0,279.0,240.0,221.0,259.0,22.0,5847,3710
all,45-64,severe_share,67.9,65.3,70.4,58.9,55.5,62.2,9.0,3614,3059
all,45-64,urgent,16.4,13.8,18.9,20.5,17.1,23.8,-4.1,3614,3059
all,45-64,ems,13.7,11.9,15.5,17.5,15.2,19.9,-3.8,3614,3059
all,45-64,wait_mean,36.0,31.0,40.0,36.0,31.0,41.0,-0.0,3614,3059
all,45-64,analgesic_ed,59.1,56.2,62.0,57.3,53.7,60.8,1.8,3614,3059
all,45-64,opioid_ed,29.9,27.1,32.6,29.6,26.8,32.4,0.3,3614,3059
all,45-64,anyimage,77.1,75.0,79.3,72.8,69.9,75.8,4.3,3614,3059
all,45-64,tests_count,4.8,4.5,5.0,4.6,4.4,4.8,0.2,3614,3059
all,45-64,admitted,1.5,0.9,2.1,1.2,0.7,1.7,0.3,3614,3059
all,45-64,symptom_dx,38.7,35.9,41.5,34.9,31.8,38.0,3.7,3614,3059
all,45-64,lov_mean,295.0,273.0,317.0,301.0,281.0,321.0,-6.0,3614,3059
all,65+,severe_share,53.9,50.2,57.6,48.9,44.0,53.7,5.0,2419,1752
all,65+,urgent,19.0,15.8,22.2,18.3,14.6,22.1,0.6,2419,1752
all,65+,ems,30.2,27.5,33.0,29.2,25.6,32.8,1.0,2419,1752
all,65+,wait_mean,35.0,30.0,41.0,37.0,31.0,43.0,-1.0,2419,1752
all,65+,analgesic_ed,53.9,50.5,57.3,50.7,47.4,54.1,3.2,2419,1752
all,65+,opioid_ed,30.7,27.7,33.7,28.3,25.6,31.1,2.4,2419,1752
all,65+,anyimage,85.8,84.0,87.6,83.5,81.3,85.8,2.2,2419,1752
all,65+,tests_count,5.2,5.0,5.5,5.5,5.1,5.8,-0.2,2419,1752
all,65+,admitted,3.1,1.8,4.4,4.4,2.6,6.1,-1.3,2419,1752
all,65+,symptom_dx,31.8,28.9,34.8,35.7,32.7,38.6,-3.8,2419,1752
all,65+,lov_mean,344.0,314.0,374.0,338.0,304.0,371.0,7.0,2419,1752
all,all,severe_share,62.5,60.9,64.1,56.5,54.1,58.9,6.0,11880,8521
all,all,urgent,13.8,11.9,15.7,17.0,14.6,19.5,-3.3,11880,8521
all,all,ems,14.5,13.4,15.6,17.9,16.2,19.6,-3.4,11880,8521
all,all,wait_mean,38.0,34.0,43.0,36.0,33.0,40.0,2.0,11880,8521
all,all,analgesic_ed,54.5,52.2,56.7,52.9,50.4,55.4,1.6,11880,8521
all,all,opioid_ed,25.4,23.6,27.3,25.6,23.8,27.4,-0.2,11880,8521
all,all,anyimage,72.1,70.4,73.8,72.6,70.8,74.5,-0.5,11880,8521
all,all,tests_count,4.7,4.5,4.8,4.4,4.2,4.6,0.3,11880,8521
all,all,admitted,1.4,0.9,1.8,1.7,1.2,2.3,-0.4,11880,8521
all,all,symptom_dx,36.8,34.8,38.7,34.4,32.4,36.4,2.4,11880,8521
all,all,lov_mean,289.0,272.0,306.0,283.0,265.0,301.0,6.0,11880,8521
